Nombre del Programa,Tipo de Programa,Escuela,Campus,Duración,Periodo,Plan de Estudios
ARQ-Arquitectura,Carrera profesional,Ambiente Construido,Ciudad de México; Estado de México; Santa Fe; Guadalajara; Monterrey; Puebla; Querétaro; Sonora Norte,8 semestres,Semestral,1° Semestre: Análisis químico del ambiente y de los materiales de construcción; Resolución de problemas con lógica computacional; Razonamiento basado en matemáticas; Modelación de la física en el ambiente construido: Dinámica; Modelación de la física en el ambiente construido: Estática; Materia Optativa; Exploración en el hábitat: de la escala del elemento al territorio.|2° Semestre: Análisis de fenómenos naturales y sociales con probabilidad y estadística; Fundamentos de geología aplicada en el ambiente construido; Modelación y representación gráfica en tu entorno con geomática; Aplicación de métodos numéricos al ambiente construido; Evaluación del impacto ambiental de proyectos territoriales; Modelación y representación gráfica de tu campus con topología; Modelación y representación gráfica de un edificio; Materia Optativa.|3° Semestre: Diseño y construcción de un hábitat efímero; La conceptualización del espacio; su teoría y su historia; Representación de la arquitectura y su construcción; Materia Optativa; De la idea al modelo arquitectónico.|4° Semestre: Arquitectura y contextos; Equipamiento comunitario; Investigación y proyecto arquitectónico; Materia Optativa.|5° Semestre: Vivienda colectiva; Vivienda unifamiliar; Constructibilidad; Optativa de ética y ciudadanía.|6° Semestre: Tópicos I; Tópicos II; Tópicos III; Tópicos VI; Tópicos V; Tópicos VI.|7° Semestre: Optativa Profesional I; Optativa Profesional II; Optativa Profesional III; Optativa Profesional IV; Optativa Profesional V; Optativa Profesional VI.|8° Semestre: Emprendimiento en el ámbito de la arquitectura; Gestión arquitectónica; Optativa profesional multidisciplinaria.
IC-Ingeniería Civil,Carrera profesional,Ambiente Construido,Estado de México; Santa Fe; Guadalajara; Monterrey; Puebla; Querétaro,8 semestres,Semestral,1° Semestre: Optativa de matemáticas y ciencias; Modelación de la ingeniería y ciencias; Modelación del movimiento en ingeniería; Aplicación de las leyes de conservación en sistemas ingenieriles; Modelación matemática fundamental; Análisis de la estructura; propiedades y transformación de la materia; Pensamiento computacional para ingeniería.|2° Semestre: Optativa de humanidades y bellas artes; Experimentación física y pensamiento estadístico; Aplicación de la termodinámica en sistemas ingenieriles; Análisis de sistemas eléctricos en sistemas ingenieriles; Análisis de sistemas electromagnéticos en sistemas ingenieriles; Modelación matemática intermedia; Modelación matricial; Análisis estadístico; Experimentación química y pensamiento estadístico fundamental.|3° Semestre: Optativa de ciencias sociales y del comportamiento; Desarrollo de proyectos de análisis de datos; Diseño y análisis de experimentos para la innovación ingenieril; Análisis de equilibrio estático; Modelación de procesos mediante álgebra lineal; Modelación en ingeniería mediante sistemas dinámicos; Tópico de exploración; Análisis de circuitos eléctricos.|4° Semestre: Análisis de la interacción del ambiente construido y el entorno; Evaluación del comportamiento de materiales en estructuras; Análisis del comportamiento de sistemas hidráulicos; Modelación de la información en la construcción; Gestión de costos; Planeación y control de obra; Optativa de liderazgo; emprendimiento e innovación.|5° Semestre: Evaluación del comportamiento de sistemas estructurales; Diseño de sistemas hidráulicos para el uso sustentable del agua; Diseño de vialidades para el desarrollo; Gestión de proyectos; Gestión de operaciones de construcción; Gestión empresarial en la industria de la construcción; Optativa de ética y ciudadanía.|6° Semestre: Modelación de técnicas de saneamiento del agua; Diseño de movilidad eficiente de personas y mercancías; Diseño estructural con concreto reforzado y acero.|7° Semestre: Optativa Profesional I; Optativa Profesional II; Optativa Profesional III; Optativa Profesional IV; Optativa Profesional V; Optativa Profesional VI.|8° Semestre: Integración de proyectos de ingeniería civil; Optativa profesional multidisciplinaria.
LUB-Licenciatura en Urbanismo,Carrera profesional,Ambiente Construido,Monterrey,8 semestres,Semestral,1° Semestre: Exploración en el hábitat: de la escala del elemento al territorio; Modelación de la física en el ambiente construido; Razonamiento basado en matemáticas; Resolución de problemas con lógica computacional; Análisis químico del ambiente y de los materiales de construcción; Optativa de matemáticas y ciencias.|2° Semestre: Modelación y representación gráfica de un edificio; Modelación y representación gráfica de tu campus con topografía; Modelación y representación gráfica de tu entorno con geomática; Fundamentos de geología aplicada al ambiente construido; Evaluación del impacto ambiental de proyectos territoriales; Aplicación de métodos numéricos al ambiente construido; Análisis de fenómenos naturales y sociales con probabilidad y estadística; Optativa de humanidades y bellas artes.|3° Semestre: Diagnóstico territorial; Ecobarrio; Derecho Urbano; Ecología urbana; Infraestructura urbana; Optativa de ciencias sociales y del comportamiento; Tópico de exploración. |4° Semestre: Ciudades competitivas: Innovación; Ciudades competitivas: Modalidad; Ciudades del futuro; Ciudades competitivas: Calidad de vida; Optativa de liderazgo; emprendimiento e innovación.|5° Semestre: Metrópolis sostenible: Mitigación; Metrópolis sostenible: Resiliencia; Economía urbana; Metrópolis sostenible: Adaptación; Optativa de ética y ciudadanía.|6° Semestre: Tópicos I; Tópicos II; Tópicos III; Tópicos VI; Tópicos V; Tópicos VI.|7° Semestre: Gestión y administración de proyectos territoriales de inversión.|8° Semestre: Ciudades emergentes; Complejidad y debate; Optativa profesional multidisciplinaria.
LEC-Licenciatura en Economía,Carrera profesional,Derecho; Economía y Relaciones Internacionales,Ciudad de México; Estado de México; Santa Fe; Monterrey; Puebla,8 semestres,Semestral,1° Semestre: Transformación del México contemporáneo; Optativa de matemáticas y ciencias; Pensamiento matemático I; Filosofía política para los dilemas contemporáneos; Introducción a las ciencias sociales; Desafíos globales; Principios de programación para las ciencias sociales.|2° Semestre: Introducción al derecho; Emprendimiento y tecnología para la transformación de México; Macroeconomía; Microeconomía; Optativa de humanidades y bellas artes; Métodos cuantitativos I; Pensamiento matemático II; Herramientas tecnológicas para las ciencias sociales.|3° Semestre: Macroeconomía y desarrollo económico; Economía conductual; Optativa de ciencias sociales y del comportamiento; Economía para la toma de decisiones; Métodos cuantitativos II; Pensamiento matemático III; Participación política y sociología de la identidad; Tópico de exploración.|4° Semestre: Dinero y capitales; Incentivos del consumidor y productor; Fundamentos de econometría; Origen y futuro del panorama macroeconómico; Fundamentos de estadística; Optativa de liderazgo; emprendimiento e innovación; Fundamentos de estadística; Pensamiento matemático IV.|5° Semestre: Competencia económica; Decisiones estratégicas en mercados e instituciones; Econometría I; Econometría II; Multivariante; Optativa de ética y ciudadanía.|6° Semestre: Tópicos I; Tópicos II; Tópicos III; Tópicos IV; Tópicos V; Tópicos VI.|7° Semestre: Optativa Profesional I; Optativa Profesional II; Optativa Profesional III; Optativa Profesional IV; Optativa Profesional V; Optativa Profesional VI.|8° Semestre: Solución y evaluación de problemas económicos; Optativa profesional multidisciplinaria.
LED-Licenciatura en Derecho,Carrera profesional,Derecho; Economía y Relaciones Internacionales,Ciudad de México; Estado de México; Santa Fe; Monterrey; Puebla; Chihuahua; Guadalajara; Querétaro; Toluca,8 semestres,Semestral,1° Semestre: Transformación del México contemporáneo; Optativa de matemáticas y ciencias; Filosofía política para los dilemas contemporáneos; Pensamiento matemático I; Desafíos globales; Introducción a las ciencias sociales; Principios de programación para las ciencias sociales.|2° Semestre: Introducción al derecho; Emprendimiento y tecnología para la transformación de México; Macroeconomía; Microeconomía; Optativa de humanidades y bellas artes; Métodos cuantitativos I; Pensamiento matemático II; Herramientas tecnológicas para las ciencias sociales.3° Semestre: Bienes y derechos reales; Argumentación jurídica; Personas y acto jurídico; Seminario de personas y acto jurídico; Seminario de teoría del derecho; Teoría del derecho; Tópico de exploración; Derecho constitucional; Argumentación jurídica; Seminario de argumentación jurídica; Seminario de teoría del derecho; Teoría del derecho; Optativa de ciencias sociales y del comportamiento.|4° Semestre: Derecho penal y delitos en especial; Solución de conflictos y teoría general del proceso; Derecho de las obligaciones I; Derecho de las obligaciones II; Seminario de derecho de las obligaciones I; Derechos humanos y su interpretación judicial; Solución de conflictos y teoría general del proceso; Derecho de las obligaciones II; Seminario de derecho de las obligaciones I; Optativa de liderazgo; emprendimiento e innovación.|5° Semestre: Contratos civiles y mercantiles; Familia y sucesiones; Derecho laboral I; Derecho laboral ll; Seminario de derecho de las obligaciones II; Optativa de ética y ciudadanía.|6° Semestre: Controles constitucionales I; Derecho administrativo II; Derecho procesal civil y mercantil; Derecho fiscal; Derecho procesal laboral; Empresa y cumplimiento regulatorio; Juicios orales; Sistema penal acusatorio; Sociedades mercantiles.|7° Semestre: Controles constitucionales II; Derecho internacional privado y arbitraje comercial internacional; Derecho procesal fiscal y administrativo; Derecho de la propiedad intelectual; Derecho internacional público; Ética para abogados; Inglés legal; Seminario de derecho internacional público; Títulos y operaciones de crédito.|8° Semestre: Tópicos I; Tópicos II; Tópicos III; Tópicos IV; Tópicos V; Tópicos VI.|9° Semestre: Optativa profesional multidisciplinaria; Investigación jurídica aplicada.
LRI-Licenciatura en Relaciones Internacionales,Carrera profesional,Derecho; Economía y Relaciones Internacionales,Ciudad de México; Estado de México; Santa Fe; Guadalajara; Monterrey; Puebla; Querétaro,8 semestres,Semestral,1° Semestre: Transformación del México contemporáneo; Optativa de matemáticas y ciencias; Pensamiento matemático I; Filosofía política para los dilemas contemporáneos; Introducción a las ciencias sociales; Desafíos globales; Principios de programación para las ciencias sociales.|2° Semestre: Introducción al derecho; Emprendimiento y tecnología para la transformación de México; Macroeconomía; Microeconomía; Métodos cuantitativos I; Optativa de humanidades y bellas artes; Pensamiento matemático II; Herramientas tecnológicas para las ciencias sociales.|3° Semestre: Macroeconomía y desarrollo económico; Economía conductual; Economía para la toma de decisiones; Optativa de ciencias sociales y del comportamiento; Métodos cuantitativos II; Pensamiento matemático III; Participación política y sociología de la identidad; Tópico de exploración.|4° Semestre: Optativa de liderazgo; emprendimiento e innovación; Análisis histórico del sistema internacional; Escenarios regionales en el mundo contemporáneo; Prospectiva sobre escenarios político-económicos internacionales; Teorías clásicas de relaciones internacionales; Teorías contemporáneas de relaciones internacionales; Teorías contemporáneas de relaciones internacionales.|5° Semestre: Optativa de ética y ciudadanía;Conflicto y negociación; Cooperación y gobernanza global; Conflicto y negociación; Gestión de bienes públicos globales en la sociedad de riesgo; Cooperación y gobernanza global; Aspectos jurídicos de las relaciones internacionales; Gestión de bienes públicos globales en la sociedad de riesgo; Riesgos y amenazas en la agenda global contemporánea; Organismos internacionales.|6° Semestre: Tópicos I; Tópicos II; Tópicos III; Tópicos IV; Tópicos V; Tópicos VI.|7° Semestre: Optativa Profesional I; Optativa Profesional II; Optativa Profesional III; Optativa Profesional IV; Optativa Profesional V; Optativa Profesional VI.|8° Semestre: Optativa profesional multidisciplinaria; Análisis y estrategias de política exterior.
LTP-Licenciatura en Gobierno y Transformación Pública,Carrera profesional,Derecho; Economía y Relaciones Internacionales,Ciudad de México; Monterrey,8 semestres,Semestral,1° Semestre: Transformación del México contemporáneo; Optativa de matemáticas y ciencias; Pensamiento matemático I; Filosofía política para los dilemas contemporáneos; Introducción a las ciencias sociales; Desafíos globales; Principios de programación para las ciencias sociales.|2° Semestre: Introducción al derecho; Emprendimiento y tecnología para la transformación de México; Macroeconomía; Microeconomía; Optativa de humanidades y bellas artes; Métodos cuantitativos I; Pensamiento matemático II; Herramientas tecnológicas para las ciencias sociales.|3° Semestre: Macroeconomía y desarrollo económico; Economía conductual; Economía para la toma de decisiones; Optativa de ciencias sociales y del comportamiento; Métodos cuantitativos II; Pensamiento matemático III; Participación política y sociología de la identidad; Tópico de exploración.|4° Semestre: Optativa de liderazgo; emprendimiento e innovación; Instituciones; regulación y política pública; Ciencia de datos para la toma de decisiones I; Opinión pública; Ciencia de datos para la toma de decisiones I; Métodos econométricos y política pública.|5° Semestre: Economía conductual y neurociencia política; Políticas tecnológicas para el desarrollo; Ciencia de datos para la toma de decisiones II; Optativa de ética y ciudadanía; Elección pública e instituciones políticas comparadas.|6° Semestre: Análisis de decisiones bajo condiciones de incertidumbre; Gobierno; sector privado; tecnología y nuevos mercados; Economía política del cambio tecnológico y el desarrollo; Experimentos e inferencia causal para política pública.|7° Semestre: Tópicos I; Tópicos II; Tópicos III; Tópicos IV; Tópicos V; Tópicos VI.|8° Semestre: Optativa profesional multidisciplinaria; Diseño e implementación de innovaciones públicas.
LAD-Licenciatura en Arte Digital,Carrera profesional,Estudios Creativos,Ciudad de México; Estado de México; Santa Fe; Guadalajara; Monterrey; Puebla; Querétaro,8 semestres,Semestral,1° Semestre: Cultura visual y sonora; Metodologías de investigación de factores humanos; Optativa de matemáticas y ciencias; Técnicas y discursos fotográficos; Metodologías del pensamiento creativo; Inmersión y experimentación creativa.|2° Semestre: Representación formal del espacio; Optativa de humanidades y bellas artes; Semiótica y narratologías contemporáneas; Narrativa audiovisual; Imaginarios culturales de México; Estructuras simbólicas en la imagen; la literatura y la música.|3° Semestre: Pre-producción de cortometraje animado; Dibujo; Fundamentos de la animación; Tópico de exploración; Producción de cortometraje animado; Historia de la animación; Optativa de ciencias sociales y del comportamiento.|4° Semestre: Arte conceptual; Arte instalación; Introducción al 3D; Fundamentos de interacción; Exploración de la forma; Optativa de liderazgo; emprendimiento e innovación.|5° Semestre: Optativa de ética y ciudadanía; Optativa de arte digital I; Optativa de arte digital II; Optativa de arte digital III; Optativa de arte digital VI; Optativa de arte digital V; Optativa de arte digital VI.|6° Semestre: Proyecto de arte digital.|7° Semestre: Tópicos I; Tópicos II; Tópicos III; Tópicos IV; Tópicos V; Tópicos VI.|8° Semestre: Proyecto integral de arte digital; Optativa profesional multidisciplinaria.
LC-Licenciatura en Comunicación,Carrera profesional,Estudios Creativos,Ciudad de México; Estado de México; Santa Fe; Guadalajara; Monterrey; Puebla; Querétaro; Toluca,8 semestres,Semestral,1° Semestre: Cultura visual y sonora; Metodologías de investigación de factores humanos; Optativa de matemáticas y ciencias; Técnicas y discursos fotográficos; Metodologías del pensamiento creativo; Inmersión y experimentación creativa.|2° Semestre: Representación formal del espacio; Optativa de humanidades y bellas artes; Semiótica y narratologías contemporáneas; Narrativa audiovisual; Imaginarios culturales de México; Estructuras simbólicas en la imagen; la literatura y la música.|3° Semestre: Producción de audio; video y diseño digital; Teorías de la comunicación; Del humanismo al post-humanismo; Metodologías de investigación para la comunicación; Optativa de ciencias sociales y del comportamiento; Tópico de exploración.|4° Semestre: Guionismo y producción de narrativas audiovisuales; Comunicación estratégica aplicada; Fotografía publicitaria y comercial; Optativa de liderazgo; emprendimiento e innovación.|5° Semestre: Narrativa documental; Estudios culturales y medios; Producción periodística convergente; Comunicación; mercadotecnia digital y minería de datos; Optativa de ética y ciudadanía.|6° Semestre: Optativa de arte digital I; Optativa de arte digital II; Optativa de arte digital III; Optativa de arte digital VI; Optativa de arte digital V; Optativa de arte digital VI.|7° Semestre: Tópicos I; Tópicos II; Tópicos III; Tópicos IV; Tópicos V; Tópicos VI.|8° Semestre: Proyecto integrador de comunicación; Optativa profesional multidisciplinaria.
LDI-Licenciatura en Diseño,Carrera profesional,Estudios Creativos,Ciudad de México; Estado de México; Guadalajara; Monterrey; Puebla; Querétaro; Sonora Norte; Toluca,8 semestres,Semestral,o
LEI-Licenciatura en Innovación Educativa,Carrera profesional,Estudios Creativos,Monterrey,8 semestres,Semestral,o
LLE-Licenciatura en Letras Hispánicas,Carrera profesional,Estudios Creativos,Monterrey,8 semestres,Semestral,o
LPE-Licenciatura en Periodismo,Carrera profesional,Estudios Creativos,Monterrey,8 semestres,Semestral,o
LTM-Licenciatura en Tecnología y Producción Musical,Carrera profesional,Estudios Creativos,Ciudad de México; Estado de México; Santa Fe; Guadalajara; Monterrey; Puebla; Querétaro,8 semestres,Semestral,o
IDM-Ingeniería en Ciencia de Datos y Matemáticas,Carrera profesional,Ingeniería y Ciencias,Ciudad de México; Estado de México; Guadalajara; Monterrey; Puebla; Querétaro; Sonora Norte; Toluca,8 semestres,Semestral,o
IFI-Ingeniería Física Industrial,Carrera profesional,Ingeniería y Ciencias,Monterrey,8 semestres,Semestral,o
INA-Ingeniería en Nanotecnología,Carrera profesional,Ingeniería y Ciencias,Estado de México; Monterrey,8 semestres,Semestral,o
IAG-Ingeniería en Biosistemas Agroalimentarios,Carrera profesional,Ingeniería y Ciencias,Querétaro,8 semestres,Semestral,o
IAL-Ingeniería en Alimentos,Carrera profesional,Ingeniería y Ciencias,Monterrey; Querétaro,8 semestres,Semestral,o
IBT-Ingeniería en Biotecnología,Carrera profesional,Ingeniería y Ciencias,Ciudad de México; Estado de México; Chihuahua; Guadalajara; Monterrey; Puebla; Querétaro; Toluca,8 semestres,Semestral,o
IDS-Ingeniería en Desarrollo Sustentable,Carrera profesional,Ingeniería y Ciencias,Querétaro; Ciudad de México; Santa Fe; Monterrey,8 semestres,Semestral,o
IQ-Ingeniería Química,Carrera profesional,Ingeniería y Ciencias,Puebla; Estado de México; Guadalajara; Monterrey,8 semestres,Semestral,o
IRS-Ingeniería en Robótica y Sistemas Digitales,Carrera profesional,Ingeniería y Ciencias,Querétaro; Puebla; Ciudad de México; Estado de México; Guadalajara; Monterrey,8 semestres,Semestral,o
ITC-Ingeniería en Tecnologías Computacionales,Carrera profesional,Ingeniería y Ciencias,Querétaro; Toluca; Puebla; Chihuahua; Cuernavaca; Guadalajara; Ciudad de México; Estado de México; Sonora Norte; Santa Fe; Monterrey,8 semestres,Semestral,o
ITD-Ingeniería en Transformación Digital de Negocios,Carrera profesional,Ingeniería y Ciencias,Santa Fe; Monterrey,8 semestres,Semestral,o
IE-Ingeniería en Electrónica,Carrera profesional,Ingeniería y Ciencias,Monterrey,8 semestres,Semestral,o
IID-Ingeniería en Innovación y Desarrollo,Carrera profesional,Ingeniería y Ciencias,Guadalajara; Santa Fe; Monterrey,8 semestres,Semestral,o
IIS-Ingeniería Industrial y de Sistemas,Carrera profesional,Ingeniería y Ciencias,Chihuahua; Laguna; Saltillo; Tampico; Hidalgo; León; Querétaro; San Luis Potosí; Toluca; Puebla; Ciudad de México; Estado de México; Cuernavaca; Guadalajara; Sinaloa; Sonora Norte; Aguascalientes; Santa Fe; Monterrey; Ciudad Juárez,8 semestres,Semestral,o
IM-Ingeniería Mecánica,Carrera profesional,Ingeniería y Ciencias,Chihuahua; Querétaro; Toluca; Puebla; Ciudad de México; Estado de México; Guadalajara; Santa Fe; Monterrey,8 semestres,Semestral,o
IMD-Ingeniería Biomédica,Carrera profesional,Ingeniería y Ciencias,Ciudad de México; Guadalajara; Monterrey,8 semestres,Semestral,o
IMT-Ingeniería en Mecatrónica,Carrera profesional,Ingeniería y Ciencias,Chihuahua; Laguna; Saltillo; Tampico; León; Querétaro; San Luis Potosí; Toluca; Puebla; Ciudad de México; Estado de México; Cuernavaca; Guadalajara; Sonora Norte; Aguascalientes; Santa Fe; Morelia; Monterrey; Ciudad Juárez,8 semestres,Semestral,o
LAET-Licenciatura en Estrategia y Transformación de Negocios,Carrera profesional,Negocios,Chihuahua; Laguna; Saltillo; Tampico; Hidalgo; León; Querétaro; San Luis Potosí; Toluca; Puebla; Ciudad de México; Estado de México; Cuernavaca; Guadalajara; Sinaloa; Sonora Norte; Aguascalientes; Santa Fe; Morelia; Monterrey; Ciudad Juárez,8 semestres,Semestral,o
LAF-Licenciatura en Finanzas,Carrera profesional,Negocios,Chihuahua; Laguna; León; Querétaro; San Luis Potosí; Puebla; Ciudad de México; Estado de México; Cuernavaca; Guadalajara; Sinaloa; Sonora Norte; Aguascalientes; Santa Fe; Monterrey,8 semestres,Semestral,o
LCPF-Licenciatura en Contaduría Pública y Finanzas,Carrera profesional,Negocios,Hidalgo; Querétaro; Puebla; Toluca; Ciudad de México; Estado de México; Guadalajara; Santa Fe; Monterrey,8 semestres,Semestral,o
LDE-Licenciatura en Emprendimiento,Carrera profesional,Negocios,Querétaro; Puebla; Ciudad de México; Guadalajara; Santa Fe; Monterrey,8 semestres,Semestral,o
LDO-Licenciatura en Desarrollo de Talento y Cultura Organizacional,Carrera profesional,Negocios,Estado de México; Monterrey,8 semestres,Semestral,o
LEM-Licenciatura en Mercadotecnia,Carrera profesional,Negocios,León; Querétaro; Toluca; Puebla; Ciudad de México; Estado de México; Guadalajara; Sinaloa; Sonora Norte; Santa Fe; Monterrey,8 semestres,Semestral,o
LIN-Licenciatura en Negocios Internacionales,Carrera profesional,Negocios,Aguascalientes; Chihuahua; Laguna; Morelia; Ciudad Juárez; Saltillo; Tampico; León; San Luis Potosí; Estado de México; Sinaloa; Sonora Norte,8 semestres,Semestral,o
LIT-Licenciatura en Inteligencia de Negocios,Carrera profesional,Negocios,Querétaro; Puebla; Estado de México; Guadalajara; Santa Fe; Monterrey,8 semestres,Semestral,o
LBC-Licenciatura en Biociencias,Carrera profesional,Salud,Ciudad de México; Guadalajara; Monterrey y Chihuahua hasta tercer semestre,8 semestres,Semestral,o
LNB-Licenciatura en Nutrición y Bienestar Integral,Carrera profesional,Salud,Ciudad de México; Guadalajara; Monterrey y Chihuahua hasta tercer semestre,6 semestres y 4 Trimestres Clínicos,Mixto,o
LPS-Licenciatura en Psicología Clínica y de la Salud,Carrera profesional,Salud,Ciudad de México; Guadalajara; Monterrey y Chihuahua hasta tercer semestre,6 semestres y 4 Trimestres Clínicos,Mixto,o
MC-Médico Cirujano,Carrera profesional,Salud,Ciudad de México; Guadalajara; Monterrey y Chihuahua hasta tercer semestre,8 semestres y 8 Trimestres Clínicos,Mixto,o
MO-Médico Cirujano Odontólogo,Carrera profesional,Salud,Ciudad de México; Guadalajara; Monterrey y Chihuahua hasta tercer semestre,8 semestres y 4 Trimestres Clínicos,Mixto,o
Maestría en Ciencias con especialidad en Biotecnología (MBI),Maestría,Escuela de Ingeniería y Ciencias,Campus Monterrey,2 años ,Semestral ,o
Maestría en Nanotecnología (MNT),Maestría,Escuela de Ingeniería y Ciencias,Campus Monterrey; Campus Estado de México,2 años,Semestral ,o
Maestría en Administración de la Energía y sus Fuentes Renovables (MER-V),Maestría,Escuela de Ingeniería y Ciencias,En línea,2 años ,Trimestral ,o
Maestría en Innovación para el Desarrollo Empresarial (MID-V),Maestría,Escuela de Ingeniería y Ciencias,En línea,2 años,Trimestral ,o
Maestría en Ingeniería con especialidad en Sistemas de Calidad y Productividad (MIP-V),Maestría,Escuela de Ingeniería y Ciencias,En línea,2 años,Trimestral ,o
Maestría en Ciencias con especialidad en Sistemas de Manufactura (MSM),Maestría,Escuela de Ingeniería y Ciencias,Campus Monterrey,2 años,Semestral ,o
Maestría en Administración de Tecnologías de Información (MTI-V),Maestría,Escuela de Ingeniería y Ciencias,En línea,2 años,Trimestral ,o
Maestría en Ciencias Computacionales (MCC-I),Maestría,Escuela de Ingeniería y Ciencias,Campus Monterrey; Campus Estado de México,2 años,Semestral ,o
Maestría en Gestión de la Ingeniería (MEM),Maestría,Escuela de Ingeniería y Ciencias,Campus Monterrey; Campus Santa Fe; Campus Guadalajara; Campus Estado de México,5 trimestres,Trimestral ,o
Maestría en Ciencias de la Ingeniería (MCI),Maestría,Escuela de Ingeniería y Ciencias,Campus Monterrey; Campus Estado de México,2 años,Semestral ,o
Maestría en Ciberseguridad (MCY-M),Maestría,Escuela de Ingeniería y Ciencias,Campus Monterrey; Campus Santa Fe; Campus Guadalajara,5 trimestres,Trimestral ,o
Maestría en Inteligencia Artificial Aplicada (MNA-V),Maestría,Escuela de Ingeniería y Ciencias,En línea,7 trimestres ,Trimestral ,o
Maestría en Prospectiva Estratégica (MPE),Maestría,Escuela de Gobierno y Transformación Pública,Campus Monterrey; Campus Santa Fe,2 años,Trimestral,o
Maestría en Administración Pública y Política Pública (MAP),Maestría,Escuela de Gobierno y Transformación Pública,Campus Monterrey; Campus Santa Fe,2 años,Trimestral,o
Maestría en Gestión Pública Aplicada (MGP-V),Maestría,Escuela de Gobierno y Transformación Pública,En línea,2 años,Trimestral,o
Maestría en Economía Aplicada (MEK),Maestría,Escuela de Gobierno y Transformación Pública,Campus Monterrey; Campus Santa Fe,21 meses,Trimestral,o
Maestría en Gobierno y Transformación Pública (MGT),Maestría,Escuela de Gobierno y Transformación Pública,Campus Santa Fe,7 trimestres,Trimestral,o
Maestría en Derecho (MDP),Maestría,Escuela de Gobierno y Transformación Pública,Campus Santa Fe,7 trimestres,Trimestral,o
Maestría en Derecho (MDP-V),Maestría,Escuela de Gobierno y Transformación Pública,En línea,7 trimestres,Trimestral,o
Maestría en Administración Pública y Política Pública (MAP - V),Maestría,Escuela de Gobierno y Transformación Pública,En línea,7 trimestres,Trimestral,o
Maestría en Economía Aplicada (MEK V),Maestría,Escuela de Gobierno y Transformación Pública,En línea,7 trimestres,Trimestral,o
Maestría en Prospectiva Estratégica (MPE-V),Maestría,Escuela de Gobierno y Transformación Pública,En línea,7 trimestres,Trimestral,o
Maestría en Educación (MEE-V),Maestría,Escuela de Humanidades y Educación,En línea,2.5 años,Semestral,o
Maestría en Estudios Humanísticos (MEH),Maestría,Escuela de Humanidades y Educación,Campus Monterrey,2 años,Semestral,o
Maestría en Tecnología Educativa (MTE-V),Maestría,Escuela de Humanidades y Educación,En línea,5 semestres,Semestral,o
Maestría en Emprendimiento Educativo (MTO-V),Maestría,Escuela de Humanidades y Educación,En línea,2.5 años,Trimestral,o
Maestría en Humanidades Digitales (MHD-V),Maestría,Escuela de Humanidades y Educación,En línea,2 años,Trimestral,o
Maestría en Administración Empresarial (MGN-V),Maestría,Escuela de Negocios,En línea,2.5 años,Trimestral,o
Maestría en Ciencias Biomédicas (MBC),Maestría,Escuela de Medicina y Ciencias de la Salud,Campus Monterrey,2 años,Semestral,o
Maestría en Arquitectura y Diseño Urbano (MDU-M),Maestría,Escuela de Arquitectura y Diseño,Campus Monterrey; Campus Ciudad de México; Campus Guadalajara; Campus Querétaro,5 trimestres,Trimestral ,o
Maestría en Administración y Dirección de Empresas (tiempo parcial) (MBA),Maestría,EGADE Business School,Campus Monterrey; Campus Santa Fe; Campus Guadalajara; Campus Querétaro,2 años,Trimestral ,o
Maestría en Administración y Dirección de Empresas - Doble grado académico con University of North Carolina at Charlotte (MBA - G),Maestría,EGADE Business School,Campus Monterrey,2.5 años,Trimestral ,o
Maestría en Finanzas (MAF),Maestría,EGADE Business School,Campus Monterrey; Campus Santa Fe,2 años,Trimestral ,o
Maestría en Administración (MBM),Maestría,EGADE Business School,Campus Monterrey,1 año,Trimestral ,o
Maestría en Administración y Dirección de Empresas (tiempo completo) (MBA-I),Maestría,EGADE Business School,Campus Monterrey,1 año,Trimestral ,o
Maestría en Administración y Dirección de Empresas (MBA-V),Maestría,EGADE Business School,En línea,15 meses,Trimestral ,o
Maestría en Administración de Negocios Globales (MDE),Maestría,EGADE Business School,Campus Santa Fe,2 años,Semestral,o
Maestría en Analítica de Negocios (MBD),Maestría,EGADE Business School,Campus Monterrey,1 año,Trimestral ,o
Maestría en Finanzas (MAF-V),Maestría,EGADE Business School,En línea,15 meses ,Trimestral ,o
Doctorado en Ciencias de Ingeniería (DCI),Doctorado,Escuela de Ingeniería y Ciencias,Campus Monterrey; Campus Ciudad de México; Campus Guadalajara; Campus Querétaro; Campus Puebla,4 años ,Semestral ,o
Doctorado en Biotecnología (DBT),Doctorado,Escuela de Ingeniería y Ciencias,Campus Monterrey; Campus Guadalajara; Campus Querétaro,9 semestres ,Semestral ,o
Doctorado en Ciencias Computacionales (DCC),Doctorado,Escuela de Ingeniería y Ciencias,Campus Monterrey; Campus Guadalajara; Campus Estado de México,8 semestres,Semestral ,o
Doctorado en Nanotecnología (DNT),Doctorado,Escuela de Ingeniería y Ciencias,Campus Monterrey; Campus Estado de México,4 años,Semestral ,o
Doctorado en Política Pública (DPP),Doctorado,Escuela de Gobierno y Transformación Pública,Campus Monterrey; Campus Santa Fe,3.5 años,Semestral,o
Doctorado en Innovación Educativa (DEE),Doctorado,Escuela de Humanidades y Educación,Campus Monterrey,8 semestres,Semestral,o
Doctorado en Estudios Humanísticos (DEH),Doctorado,Escuela de Humanidades y Educación,Campus Monterrey; Campus Ciudad de México,4 años,Semestral,o
Doctorado en Ciencias Clínicas (DCL),Doctorado,Escuela de Medicina y Ciencias de la Salud,Campus Monterrey; Campus Guadalajara,7 semestres,Semestral,o
Doctorado en Ciencias Biomédicas (DBC),Doctorado,Escuela de Medicina y Ciencias de la Salud,Campus Monterrey,4 años,Semestral,o
Doctorado en Ciencias Administrativas (DCA),Doctorado,EGADE Business School,Campus Monterrey; Campus Santa Fe,4 años,Semestral,o
Doctorado en Ciencias Financieras (DCF),Doctorado,EGADE Business School,Campus Santa Fe,4 años,Semestral,o
Especialidad en Logística y Cadena de Suministro (ELS),Especialidad,Escuela de Ingeniería y Ciencias,Campus Estado de México,1 año,Trimestral ,o
Especialidad en Administración de Proyectos (EPY),Especialidad,Escuela de Ingeniería y Ciencias,Campus Estado de México,1 año,Trimestral ,o
Especialidad en Inteligencia Artificial Aplicada (ENA-V),Especialidad,Escuela de Ingeniería y Ciencias,En línea,3 trimestres,Trimestral ,o
Especialidad en Gestión para el Liderazgo e Innovación Educativa (EGE-V),Especialidad,Escuela de Humanidades y Educación,En línea,1.5 años,Trimestral,o
Especialidad en Enseñanza y Evaluación del Inglés como Segunda Lengua ( EEE-V),Especialidad,Escuela de Humanidades y Educación,En línea,3 trimestres,Trimestral,o
Especialidad en Calidad de la Atención Clínica (RCA),Especialidad,Escuela de Medicina y Ciencias de la Salud,Campus Monterrey,3 años,Semestral ,o
Especialidad en Cardiología (RCR),Especialidad,Escuela de Medicina y Ciencias de la Salud,Campus Monterrey,3 años,Semestral ,o
Especialidad en Anestesiología (REA),Especialidad,Escuela de Medicina y Ciencias de la Salud,Campus Monterrey,4 años,Semestral ,o
Especialidad en Medicina del Enfermo en Estado Crítico (REE),Especialidad,Escuela de Medicina y Ciencias de la Salud,Campus Monterrey,2 años,Semestral ,o
Especialidad en Ginecología y Obstetricia (REG),Especialidad,Escuela de Medicina y Ciencias de la Salud,Campus Monterrey,4 años,Semestral ,o
Especialidad en Medicina Interna (REM),Especialidad,Escuela de Medicina y Ciencias de la Salud,Campus Monterrey,4 años,Semestral ,o
Especialidad en Pediatría (REN),Especialidad,Escuela de Medicina y Ciencias de la Salud,Campus Monterrey,4 años,Semestral ,o
Especialidad en Radiología e Imagen (RER),Especialidad,Escuela de Medicina y Ciencias de la Salud,Campus Monterrey,4 años,Semestral ,o
Especialidad en Neurología (REU),Especialidad,Escuela de Medicina y Ciencias de la Salud,Campus Monterrey,3 años,Semestral ,o
Especialidad en Geriatría (RGE),Especialidad,Escuela de Medicina y Ciencias de la Salud,Campus Monterrey,4 años,Semestral ,o
Especialidad en Neurología Pediátrica (RNP),Especialidad,Escuela de Medicina y Ciencias de la Salud,Campus Monterrey,3 años,Semestral ,o
Especialidad en Psiquiatría (RPS),Especialidad,Escuela de Medicina y Ciencias de la Salud,Campus Monterrey,4 años,Semestral ,o
Especialidad en Urología (RUR),Especialidad,Escuela de Medicina y Ciencias de la Salud,Campus Monterrey,4 años,Semestral ,o
Especialidad en Cirugía General (REC),Especialidad,Escuela de Medicina y Ciencias de la Salud,Campus Monterrey,5 años,Semestral ,o
Especialidad en Oftalmología (REO),Especialidad,Escuela de Medicina y Ciencias de la Salud,Campus Monterrey,4 años,Semestral ,o
Especialidad en Neonatología (RNE),Especialidad,Escuela de Medicina y Ciencias de la Salud,Campus Monterrey,3 años,Semestral ,o
Especialidad en Anatomía Patológica (RAP),Especialidad,Escuela de Medicina y Ciencias de la Salud,Campus Monterrey,4 años,Semestral ,o
Ciencia de Datos (Virtual),Certificación,Certificado de Alta Especialidad,Aula Virtual,144 horas,o,o
Business Analytics: De los Datos al Conocimiento (Virtual),Certificación,Certificado de Alta Especialidad,Aula Virtual,144 horas,o,o
Sostenibilidad Financiera para la Transformación Pública (Virtual),Certificación,Certificado de Alta Especialidad,Aula Virtual,144 horas,o,o
Toma de Decisiones en Escenarios Complejos (Virtual),Certificación,Certificado de Alta Especialidad,Aula Virtual,144 horas,o,o
Administración de la Construcción,Certificación,Certificación,En línea,200 horas,o,o
Big Data como Estrategia de Negocios,Certificación,Certificación,En línea,82 horas,o,o
Certificación Internacional como Auditor Líder de Sistemas Integrados de Gestión ISO9001:2015; ISO14001:2015; ISO45001:2018 e ISO22000:2018,Certificación,Certificación,Aula Virtual,132 horas,o,o
Certificación Internacional en Coaching Ejecutivo y de Equipos,Certificación,Certificación,En línea,130 horas,o,o
Certificación Internacional en Coaching Profesional,Certificación,Certificación,Aula Virtual,112 horas,o,o
Certificación Internacional en Coaching de Vida y Marca Personal (ICT),Certificación,Certificación,Aula Virtual,96 horas,o,o
Desarrollo de Habilidades Gerenciales: Líder de Líderes,Certificación,Certificación,Live,94 horas,o,o
Desarrollo de Habilidades en Contabilidad; Impuestos y Finanzas,Certificación,Certificación,En línea,96 horas,o,o
Desarrollo de Soft Skills Personales; Sociales y de Liderazgo,Certificación,Certificación,En línea,81 horas,o,o
Gestión Estratégica de los Portafolios de Proyectos,Certificación,Certificación,Aula Virtual,64 horas,o,o
Habilidades de Administración Ágil de Proyectos; Basado en Estándares del PMI® e IPMA,Certificación,Certificación,En línea,115 horas,o,o
Lean Six Sigma Black Belt,Certificación,Certificación,Aula Virtual,159 horas,o,o
Lean Six Sigma Green Belt,Certificación,Certificación,En línea,136 horas,o,o
Ética y Cumplimiento Corporativo Internacional,Certificación,Certificación,Live,100 horas,o,o
Administración Aduanera,Diplomado,Posgrados y Educacion Continua,Aula Virtual,148 horas,Mensual,o
Administración Avanzada de Compras,Diplomado,Posgrados y Educacion Continua,Live,96 horas,Mensual,o
Administración Estratégica de Capital Humano,Diplomado,Posgrados y Educacion Continua,Live,100 horas,Mensual,o
Administración Financiera,Diplomado,Posgrados y Educacion Continua,En línea,134 horas,Mensual,o
Administración de Proyectos de Tecnologías de Información (APTI),Diplomado,Posgrados y Educacion Continua,Aula Virtual,112 horas,Mensual,o
Administración de la Construcción,Diplomado,Posgrados y Educacion Continua,Aula Virtual,134 horas,Mensual,o
Agronegocios,Diplomado,Posgrados y Educacion Continua,Aula Virtual,108 horas,Mensual,o
Aseguramiento de la Calidad Farmacéutica,Diplomado,Posgrados y Educacion Continua,Aula Virtual,120 horas,Mensual,o
Business Management,Diplomado,Posgrados y Educacion Continua,Live,110 horas,Mensual,o
Calidad y Productividad,Diplomado,Posgrados y Educacion Continua,En línea,142 horas,Mensual,o
Comunicación Avanzada para la Alta Dirección,Diplomado,Posgrados y Educacion Continua,Aula Virtual,144 horas,Mensual,o
Comunicación Cooporativa Estratégica,Diplomado,Posgrados y Educacion Continua,Aula Virtual,120 horas,Mensual,o
Data Science for Business,Diplomado,Posgrados y Educacion Continua,Live,100 horas,Mensual,o
Data Science and AI: Del Concepto a Desarrollo de Aplicaciones,Diplomado,Posgrados y Educacion Continua,Live,120 horas,Mensual,o
Decisiones Estratégicas en el Retail,Diplomado,Posgrados y Educacion Continua,Aula Virtual,128 horas,Mensual,o
Decoración e Interiorismo,Diplomado,Posgrados y Educacion Continua,Aula Virtual,120 horas,Mensual,o
Derecho Coorporativo,Diplomado,Posgrados y Educacion Continua,Aula Virtual,120 horas,Mensual,o
Derecho Fiscal,Diplomado,Posgrados y Educacion Continua,Aula Virtual,120 horas,Mensual,o
Desarrollo de Competencias Generales,Diplomado,Posgrados y Educacion Continua,Aula Virtual,112 horas,Mensual,o
Desarrollo de Habilidades en Contabilidad; Impuestos y Finanzas,Diplomado,Posgrados y Educacion Continua,Aula Virtual,96 horas,Mensual,o
Desarrollo de Habilidades para Gerentes y Ejecutivos de Ventas,Diplomado,Posgrados y Educacion Continua,Aula Virtual,96 horas,Mensual,o
Desarrollo de Vendedores de Alto Potencial,Diplomado,Posgrados y Educacion Continua,Aula Virtual,112 horas,Mensual,o
Despliegue de Modelos de Machine Learning en Ambientes Productivos,Diplomado,Posgrados y Educacion Continua,Aula Virtual,100 horas,Mensual,o
Dirección Estratégica de Almacenes y Centros de Distribución,Diplomado,Posgrados y Educacion Continua,Presencial en Campus Monterrey,112 horas,Mensual,o
Dirección Estratégica de Almacenes y Centros de Distribución,Diplomado,Posgrados y Educacion Continua,Aula Virtual,112 horas,Mensual,o
Dirección Estratégica de Ventas,Diplomado,Posgrados y Educacion Continua,En línea,153 horas,Mensual,o
Dirección Estratégica de Ventas,Diplomado,Posgrados y Educacion Continua,Aula Virtual,112 horas,Mensual,o
Dirección Financiera Cooporativa,Diplomado,Posgrados y Educacion Continua,Aula Virtual,120 horas,Mensual,o
Diseño Regenerativo. Territorios y Ciudades Resilientes,Diplomado,Posgrados y Educacion Continua,Aula Virtual,100 horas,Mensual,o
Diseño de Joyería: De la Marca a la Pieza,Diplomado,Posgrados y Educacion Continua,Aula Virtual,124 horas,Mensual,o
Escalas de la Ciudad: Vivienda; Barrio; Territorio,Diplomado,Posgrados y Educacion Continua,Aula Virtual,104 horas,Mensual,o
Especialización en Management Financiero,Diplomado,Posgrados y Educacion Continua,Aula Virtual,120 horas,Mensual,o
Estrategia de Negocios,Diplomado,Posgrados y Educacion Continua,Live,100 horas,Mensual,o
Evaluación de Riesgos y Control Interno,Diplomado,Posgrados y Educacion Continua,Aula Virtual,96 horas,Mensual,o
Finanzas Bursátiles Aplicadas,Diplomado,Posgrados y Educacion Continua,Aula Virtual,152 horas,Mensual,o
Finanzas para Profesionistas no financieros en la Industria,Diplomado,Posgrados y Educacion Continua,Aula Virtual,108 horas,Mensual,o
Fintech & Transformación Digital,Diplomado,Posgrados y Educacion Continua,Aula Virtual,101 horas,Mensual,o
Formación Estratégica para Gerentes de Alto Desempeño,Diplomado,Posgrados y Educacion Continua,Live,100 horas,Mensual,o
Gestión Integral del Transporte,Diplomado,Posgrados y Educacion Continua,Aula Virtual,96 horas,Mensual,o
Gestión Profesional de Proyectos,Diplomado,Posgrados y Educacion Continua,Aula Virtual,100 horas,Mensual,o
Gestión Profesional Ágil de Proyectos. Principios; Valores y Metodologías,Diplomado,Posgrados y Educacion Continua,Live,120 horas,Mensual,o
Gestión de la Seguridad de la Información,Diplomado,Posgrados y Educacion Continua,Aula Virtual,124 horas,Mensual,o
Gestión y Dirección Financiera,Diplomado,Posgrados y Educacion Continua,Live,100 horas,Mensual,o
Identificación; Rediseño e Innovación de Procesos,Diplomado,Posgrados y Educacion Continua,Aula Virtual,96 horas,Mensual,o
Implementación de la Agenda Urbana Rumbo al 2030,Diplomado,Posgrados y Educacion Continua,Aula Virtual,120 horas,Mensual,o
Innovación Educativa en Salud,Diplomado,Posgrados y Educacion Continua,Aula Virtual,96 horas,Mensual,o
La Cadena de Suministro en la Era Digital,Diplomado,Posgrados y Educacion Continua,Live,130 horas,Mensual,o
La Empresa Familiar: Institucionalización y Continuidad,Diplomado,Posgrados y Educacion Continua,Aula Virtual,96 horas,Mensual,o
Lean Manufacturing,Diplomado,Posgrados y Educacion Continua,Live,115 horas,Mensual,o
Los Impuestos en México; un Enfoque con Visión Financiera y Fiscal,Diplomado,Posgrados y Educacion Continua,Aula Virtual,104 horas,Mensual,o
Marketing Digital,Diplomado,Posgrados y Educacion Continua,Live,100 horas,Mensual,o
Mercadotecnia Estratégica y Comercialización,Diplomado,Posgrados y Educacion Continua,En línea,126 horas,Mensual,o
Mercadotecnia Farmacéutica,Diplomado,Posgrados y Educacion Continua,Aula Virtual,139 horas,Mensual,o
Normas Internacionales de Información Financiera (IFRS),Diplomado,Posgrados y Educacion Continua,Aula Virtual,96 horas,Mensual,o
Nutrición Funcional Aplicada a la Terapéutica del Sobrepeso y la Obesidad,Diplomado,Posgrados y Educacion Continua,Aula Virtual,96 horas,Mensual,o
People Analytics,Diplomado,Posgrados y Educacion Continua,Aula Virtual,96 horas,Mensual,o
Planeación y Evaluación de Negocios Inmobiliarios,Diplomado,Posgrados y Educacion Continua,Live,100 horas,Mensual,o
Salud Global para Líderes,Diplomado,Posgrados y Educacion Continua,Aula Virtual,94 horas,Mensual,o
Seguridad; Higiene Industrial y Salud Ocupacional,Diplomado,Posgrados y Educacion Continua,Aula Virtual,112 horas,Mensual,o
Tecnologías de Ciberseguridad,Diplomado,Posgrados y Educacion Continua,Live,115 horas,Mensual,o
Top Management,Diplomado,Posgrados y Educacion Continua,Aula Virtual,135 horas,Mensual,o
Transformación Digital Gerencial,Diplomado,Posgrados y Educacion Continua,Aula Virtual,112 horas,Mensual,o
Ventas de Alto Impacto,Diplomado,Posgrados y Educacion Continua,Presencial en Campus Guadalajara,104 horas,Mensual,o
e-commerce 4.0,Diplomado,Posgrados y Educacion Continua,Aula Virtual,96 horas,Mensual,o
Administración de Proyectos,Seminario,Posgrados y Educacion Continua,En línea,10 horas,Mensual,o
Análisis de los Estados Financieros,Seminario,Posgrados y Educacion Continua,En línea,10 horas,Mensual,o
Conceptos Estratégicos de Mercadotecnia,Seminario,Posgrados y Educacion Continua,En línea,40 horas,Mensual,o
Conducción de Equipos de Alto Desempeño,Seminario,Posgrados y Educacion Continua,En línea,12 horas,Mensual,o
Desarrollo de Soft Skills Personales,Seminario,Posgrados y Educacion Continua,En línea,25 horas,Mensual,o
Desarrollo de Soft Skills Sociales,Seminario,Posgrados y Educacion Continua,En línea,25 horas,Mensual,o
Eficiencia en la Construcción,Seminario,Posgrados y Educacion Continua,En línea,50 horas,Mensual,o
Gestión Estratégica del Capital Humano,Seminario,Posgrados y Educacion Continua,En línea,12 horas,Mensual,o
Gestión de la Empresa Constructora,Seminario,Posgrados y Educacion Continua,En línea,50 horas,Mensual,o
Gestión de la Fuerza de Ventas,Seminario,Posgrados y Educacion Continua,En línea,12 horas,Mensual,o
Gestión de las Emociones,Seminario,Posgrados y Educacion Continua,En línea,11 horas,Mensual,o
Impuestos de las Operaciones Empresariales,Seminario,Posgrados y Educacion Continua,En línea,10 horas,Mensual,o
Innovación en la Construcción,Seminario,Posgrados y Educacion Continua,En línea,50 horas,Mensual,o
Integración Estratégica Multigeneracional,Seminario,Posgrados y Educacion Continua,En línea,30 horas,Mensual,o
Introducción a la Transformación Digital,Seminario,Posgrados y Educacion Continua,En línea,15 horas,Mensual,o
Introducción a las Finanzas,Seminario,Posgrados y Educacion Continua,En línea,60 horas,Mensual,o
Legislación Fiscal y Laboral en la Industria de la Construcción,Seminario,Posgrados y Educacion Continua,En línea,9 horas,Mensual,o
Liderazgo Eficaz,Seminario,Posgrados y Educacion Continua,En línea,10 horas,Mensual,o
Machine Learning para la Toma de Decisiones,Seminario,Posgrados y Educacion Continua,En línea,10 horas,Mensual,o
Negociación y Manejo de Conflictos,Seminario,Posgrados y Educacion Continua,En línea,12 horas,Mensual,o
Norma ISO 9001:2015,Seminario,Posgrados y Educacion Continua,En línea,12 horas,Mensual,o
Planeación de Proyectos de Construcción,Seminario,Posgrados y Educacion Continua,En línea,50 horas,Mensual,o
Proyecto de Vida Plena,Seminario,Posgrados y Educacion Continua,En línea,15 horas,Mensual,o
Psicología Positiva,Seminario,Posgrados y Educacion Continua,En línea,12 horas,Mensual,o
Supply Chain Management,Seminario,Posgrados y Educacion Continua,En línea,15 horas,Mensual,o
Transformación Digital para la Toma de Decisiones,Seminario,Posgrados y Educacion Continua,En línea,30 horas,Mensual,o
Transición a una Cultura Organizacional Positiva,Seminario,Posgrados y Educacion Continua,En línea,30 horas,Mensual,o
Inteligencia Emocional,Taller,Posgrados y Educacion Continua,Aula Virtual,24 horas,Variable,o
Liderazgo y Empowerment,Taller,Posgrados y Educacion Continua,Aula Virtual,24 horas,Variable,o
Negociación y Manejo de Conflictos,Taller,Posgrados y Educacion Continua,Aula Virtual,24 horas,Variable,o
Preparación para el Examen de Certificación PMP®,Taller,Posgrados y Educacion Continua,Aula Virtual,35 horas,Variable,o
Coding Bootcamp,Bootcamp,Posgrados y Educacion Continua,En línea,480 horas,Variable,o
Data Analytics Bootcamp,Bootcamp,Posgrados y Educacion Continua,En línea,700 horas,Variable,o
ADN del Innovador (TLG),Curso,Posgrados y Educacion Continua,Learning Gate,22 horas,Variable,o
Accountability Skills (TLG),Curso,Posgrados y Educacion Continua,Learning Gate,42 horas,Variable,o
Administración de Costos,Curso,Posgrados y Educacion Continua,Aula Virtual,40 horas,Variable,o
Administración de Inventarios,Curso,Posgrados y Educacion Continua,Aula Virtual,40 horas,Variable,o
Agronomía para no Agrónomos,Curso,Posgrados y Educacion Continua,Aula Virtual,48 horas,Variable,o
Análisis de Datos (TLG),Curso,Posgrados y Educacion Continua,Learning Gate,32 horas,Variable,o
Aplicaciones Web para Ciencia de Datos (TLG),Curso,Posgrados y Educacion Continua,Learning Gate,12 horas,Variable,o
Aplicación de la Legislación Ambiental,Curso,Posgrados y Educacion Continua,Aula Virtual,40 horas,Variable,o
Aspectos Básicos de Ley General de Transparencia,Curso,Posgrados y Educacion Continua,Aula Virtual,32 horas,Variable,o
Automatic ML (TLG),Curso,Posgrados y Educacion Continua,Learning Gate,12 horas,Variable,o
Bioequivalencia: Aspectos Científicos y Regulatorios,Curso,Posgrados y Educacion Continua,Aula Virtual,30 horas,Variable,o
Bioestadística Aplicada a Investigación Clínica e Industria,Curso,Posgrados y Educacion Continua,Aula Virtual,24 horas,Variable,o
Brand Management,Curso,Posgrados y Educacion Continua,Live,80 horas,Variable,o
Colaboración Efectiva (TLG),Curso,Posgrados y Educacion Continua,Learning Gate,32 horas,Variable,o
Colaboración Organizacional (TLG),Curso,Posgrados y Educacion Continua,Learning Gate,32 horas ,Variable,o
Comunicación Digital y Social Media,Curso,Posgrados y Educacion Continua,Live,90 horas,Variable,o
Conceptos Fundamentales de Ciencia de Datos (TLG),Curso,Posgrados y Educacion Continua,Learning Gate,22 horas,Variable,o
Conducta y Comunicación Financiera (TLG),Curso,Posgrados y Educacion Continua,Learning Gate,32 horas,Variable,o
Core Strategic Marketing (TLG),Curso,Posgrados y Educacion Continua,Learning Gate,42 horas,Variable,o
Core Tools: Herramientas para la Manufactura,Curso,Posgrados y Educacion Continua,Live,50 horas,Variable,o
Cultura hacia la Innovación (TLG),Curso,Posgrados y Educacion Continua,Learning Gate,22 horas,Variable,o
Customer Intelligence Essentials,Curso,Posgrados y Educacion Continua,Aula Virtual,64 horas,Variable,o
Deep Learning y Reinforcement Learning (TLG),Curso,Posgrados y Educacion Continua,Learning Gate,22 horas,Variable,o
Desarrollo de Supervisiones que Transforman,Curso,Posgrados y Educacion Continua,Aula Virtual,48 horas,Variable,o
Desarrollo de Talento (TLG),Curso,Posgrados y Educacion Continua,Learning Gate,42 horas,Variable,o
Design Thinking Workshop,Curso,Posgrados y Educacion Continua,Aula Virtual,40 horas,Variable,o
Digital Consumer (TLG),Curso,Posgrados y Educacion Continua,Learning Gate,42 horas,Variable,o
Digital Marketing Analytics (TLG),Curso,Posgrados y Educacion Continua,Learning Gate,22 horas,Variable,o
Digital Marketing Strategy (TLG),Curso,Posgrados y Educacion Continua,Learning Gate,32 horas,Variable,o
Digital Marketing Tactics (TLG),Curso,Posgrados y Educacion Continua,Learning Gate,52 horas,Variable,o
Diseñando Experiencias de Servicio Wow,Curso,Posgrados y Educacion Continua,Aula Virtual,40 horas,Variable,o
Diseño de Interfaces Visuales de Datos (TLG),Curso,Posgrados y Educacion Continua,Learning Gate,32 horas,Variable,o
Educación Digital de Calidad para Educación Superior,Curso,Posgrados y Educacion Continua,En línea,21 horas,Variable,o
Emprendimiento Digital Innovador,Curso,Posgrados y Educacion Continua,Aula Virtual,68 horas,Variable,o
Enfoque Estratégico (TLG),Curso,Posgrados y Educacion Continua,Learning Gate,22 horas,Variable,o
Engagement (TLG),Curso,Posgrados y Educacion Continua,Learning Gate,42 horas,Variable,o
Estrategia Organizacional (TLG),Curso,Posgrados y Educacion Continua,Learning Gate,22 horas,Variable,o
Estrategías para una Comunicación Efectiva,Curso,Posgrados y Educacion Continua,Aula Virtual,24 horas,Variable,o
Evaluación de los Estados Financieros; Inversión y Financiamiento (TLG),Curso,Posgrados y Educacion Continua,Learning Gate,32 horas,Variable,o
Excel Avanzado para negocios,Curso,Posgrados y Educacion Continua,Aula Virtual,40 horas,Variable,o
Excel para Negocios,Curso,Posgrados y Educacion Continua,Aula Virtual,40 horas,Variable,o
Extracción; Procesamiento y Manipulación de Datos (TLG),Curso,Posgrados y Educacion Continua,Learning Gate,22 horas,Variable,o
Feminismo: Historia; Teoría y Práctica. Por un Mundo sin Violencia de Género,Curso,Posgrados y Educacion Continua,Aula Virtual,12 horas,Variable,o
Financial Planning and Risks (TLG),Curso,Posgrados y Educacion Continua,Learning Gate,22 horas,Variable,o
Financial System Vision (TLG),Curso,Posgrados y Educacion Continua,Learning Gate,22 horas,Variable,o
Finanzas para Recursos Humanos,Curso,Posgrados y Educacion Continua,Aula Virtual,24 horas,Variable,o
Finanzas para no Financieros,Curso,Posgrados y Educacion Continua,Aula Virtual,40 horas,Variable,o
Fundamentos de Ciencia de Datos (TLG),Curso,Posgrados y Educacion Continua,Learning Gate,32 horas,Variable,o
Fundamentos de Estadística para Ciencia de Datos (TLG),Curso,Posgrados y Educacion Continua,Learning Gate,12 horas ,Variable,o
Gestión de Cartera Comercial (TLG),Curso,Posgrados y Educacion Continua,Learning Gate,42 horas,Variable,o
Gestión de la Innovación (TLG),Curso,Posgrados y Educacion Continua,Learning Gate,22 horas,Variable,o
Gestión del Cambio (TLG),Curso,Posgrados y Educacion Continua,Live,80 horas,Variable,o
Gobernanza e innovación para la gestión local,Curso,Posgrados y Educacion Continua,Aula Virtual,42 horas,Variable,o
Historia del Arte Islámico,Curso,Posgrados y Educacion Continua,Aula Virtual,36 horas,Variable,o
Historia del Arte Mexicano. Del Muralismo a la Postmodernidad,Curso,Posgrados y Educacion Continua,Aula Virtual,36 horas,Variable,o
Historia del Arte: Arte Conceptual y Postmodernidad,Curso,Posgrados y Educacion Continua,Aula Virtual,36 horas,Variable,o
Historia del Arte: Historia del Arte Antiguo,Curso,Posgrados y Educacion Continua,Aula Virtual,36 horas,Variable,o
Historia del Arte: Historia del Arte Medieval,Curso,Posgrados y Educacion Continua,Aula Virtual,36 horas,Variable,o
Historia del Arte: La Modernidad en el Arte,Curso,Posgrados y Educacion Continua,Aula Virtual,36 horas,Variable,o
Inteligencia Comercial (TLG),Curso,Posgrados y Educacion Continua,Learning Gate,42 horas,Variable,o
Inteligencia Emocional y Financiera,Curso,Posgrados y Educacion Continua,Aula Virtual,30 horas,Variable,o
Interfaces Visuales de Datos Interacticas (TLG),Curso,Posgrados y Educacion Continua,Learning Gate,42 horas,Variable,o
Inversión y Financiamiento (TLG),Curso,Posgrados y Educacion Continua,Learning Gate,52 horas,Variable,o
Invirtiendo en la Bolsa,Curso,Posgrados y Educacion Continua,Aula Virtual,40 horas,Variable,o
Ley Anti Lavado de Dinero y Manejo de Efectivo,Curso,Posgrados y Educacion Continua,Aula Virtual,40 horas,Variable,o
Liderazgo Positivo (TLG),Curso,Posgrados y Educacion Continua,Learning Gate,32 horas,Variable,o
Liderazgo para la Innovación,Curso,Posgrados y Educacion Continua,Live,80 horas,Variable,o
Liderazgo y Evaluación Comercial (TLG),Curso,Posgrados y Educacion Continua,Learning Gate,22 horas,Variable,o
Machine Learning (TLG),Curso,Posgrados y Educacion Continua,Learning Gate,62 horas,Variable,o
Machine Learning para Big Data (TLG),Curso,Posgrados y Educacion Continua,Learning Gate,32 horas,Variable,o
Marketing Metrics (TLG),Curso,Posgrados y Educacion Continua,Learning Gate,22 horas,Variable,o
Marketing Mix (TLG),Curso,Posgrados y Educacion Continua,Learning Gate,42 horas,Variable,o
Marketing for all (TLG),Curso,Posgrados y Educacion Continua,Learning Gate,22 horas,Variable,o
Medicamentos Biotecnológicos y Biocomparabilidad,Curso,Posgrados y Educacion Continua,Aula Virtual,48 horas,Variable,o
Modelación Lineal de Datos (TLG),Curso,Posgrados y Educacion Continua,Learning Gate,12 horas,Variable,o
Organizaciones Enfocadas en el Talento (TLG),Curso,Posgrados y Educacion Continua,Learning Gate,42 horas,Variable,o
Organizational Engagement (TLG),Curso,Posgrados y Educacion Continua,Learning Gate,42 horas,Variable,o
Organizational Wellbeing (TLG),Curso,Posgrados y Educacion Continua,Learning Gate,22 horas,Variable,o
Pensamiento Estratégico (TLG),Curso,Posgrados y Educacion Continua,Learning Gate,22 horas,Variable,o
Pensamiento de Futuros: Diseñando el Futuro de la Organización,Curso,Posgrados y Educacion Continua,Aula Virtual,40 horas,Variable,o
Personal Wellbeing (TLG),Curso,Posgrados y Educacion Continua,Learning Gate,22 horas,Variable,o
Plataformas de Visualización en Python (TLG),Curso,Posgrados y Educacion Continua,Learning Gate,22 horas,Variable,o
Política educativa: sus desafíos urgentes en México,Curso,Posgrados y Educacion Continua,Aula Virtual,50 horas,Variable,o
Preparación a la Certificación Disciplined Agile® Scrum Master (DASM),Curso,Posgrados y Educacion Continua,Aula Virtual,32 horas,Variable,o
Preparación para el Examen de Certificación AMIB,Curso,Posgrados y Educacion Continua,Aula Virtual,25 horas,Variable,o
Preparación para la Certificación de AWS Cloud Practitioner,Curso,Posgrados y Educacion Continua,Aula Virtual,40 horas,Variable,o
Procesamiento y Manejo de Datos con Python (TLG),Curso,Posgrados y Educacion Continua,Learning Gate,22 horas,Variable,o
Procesamiento y Manipulación de Datos con Python (TLG),Curso,Posgrados y Educacion Continua,Learning Gate,32 horas,Variable,o
Programación con Python,Curso,Posgrados y Educacion Continua,Aula Virtual,30 horas,Variable,o
Protección de Datos Personales,Curso,Posgrados y Educacion Continua,Aula Virtual,35 horas,Variable,o
Sensibilidad de Modelos Cuantitativos (TLG),Curso,Posgrados y Educacion Continua,Learning Gate,22 horas,Variable,o
Storytelling + Presentaciones Contundentes,Curso,Posgrados y Educacion Continua,Aula Virtual,40 horas,Variable,o
TPM Hands On Mantenimiento Autónomo y Planeado,Curso,Posgrados y Educacion Continua,Aula Virtual,56 horas,Variable,o
Talent Management (TLG),Curso,Posgrados y Educacion Continua,Learning Gate,42 horas,Variable,o
Team Wellbeing (TLG),Curso,Posgrados y Educacion Continua,Learning Gate,22 horas,Variable,o
Tecnologías para Internet de las Cosas (IoT),Curso,Posgrados y Educacion Continua,Aula Virtual,48 horas,Variable,o
Toxicología y Bioseguridad para Salud y Biotecnología,Curso,Posgrados y Educacion Continua,Aula Virtual,36 horas,Variable,o
Urbanismo Social para Construir Ciudades Humanas,Curso,Posgrados y Educacion Continua,Presencial en Campus Monterrey,24 horas,Variable,o
Visión Comercial a Futuro (TLG),Curso,Posgrados y Educacion Continua,Learning Gate,22 horas,Variable,o
Visión Contable (TLG),Curso,Posgrados y Educacion Continua,Learning Gate,32 horas,Variable,o
Visión Financiera (TLG),Curso,Posgrados y Educacion Continua,Learning Gate,32 horas,Variable,o
Visión Financiera Corporativa (TLG),Curso,Posgrados y Educacion Continua,Learning Gate,22 horas,Variable,o
Visión Financiera Estratégica (TLG),Curso,Posgrados y Educacion Continua,Learning Gate,12 horas,Variable,o
Visión de Entorno Económico (TLG),Curso,Posgrados y Educacion Continua,Learning Gate,32 horas,Variable,o
Visión de Riesgo y Suntentabilidad (TLG),Curso,Posgrados y Educacion Continua,Learning Gate,22 horas,Variable,o
Visión de Ética Financiera (TLG),Curso,Posgrados y Educacion Continua,Learning Gate,12 horas,Variable,o
Citizen Data Scientist (TLG),Trayectoria flexible,Posgrados y Educacion Continua,Learning Gate,92 horas,Variable,o
Data Scientist (TLG),Trayectoria flexible,Posgrados y Educacion Continua,Learning Gate,232 horas,Variable,o
Digital Marketing Strategist (TLG),Trayectoria flexible,Posgrados y Educacion Continua,Learning Gate,142 horas,Variable,o
Especialista en Finanzas (TLG),Trayectoria flexible,Posgrados y Educacion Continua,Learning Gate,172 horas,Variable,o
High Impact Manager (TLG),Trayectoria flexible,Posgrados y Educacion Continua,Learning Gate,172 horas,Variable,o
Marketing Starter (TLG),Trayectoria flexible,Posgrados y Educacion Continua,Learning Gate,122 horas,Variable,o
Potential Leader (TLG),Trayectoria flexible,Posgrados y Educacion Continua,Learning Gate,172 horas,Variable,o
Profesional Financiero (TLG),Trayectoria flexible,Posgrados y Educacion Continua,Learning Gate,152 horas,Variable,o
Senior Data Scientist (TLG),Trayectoria flexible,Posgrados y Educacion Continua,Learning Gate,72 horas,Variable,o
Senior Leader (TLG),Trayectoria flexible,Posgrados y Educacion Continua,Learning Gate,172 horas,Variable,o
Vendedor de Alto Impacto (TLG),Trayectoria flexible,Posgrados y Educacion Continua,Learning Gate,122 horas,Variable,o
