Nombre del Programa,Tipo de Programa,Escuela,Campus,Duración,Periodo
ARQ-Arquitectura,Carrera profesional,Ambiente Construido ,"Ciudad de México, Estado de México, Santa Fe, Guadalajara, Monterrey, Puebla, Querétaro, Sonora Norte",8 semestres,Semestral
IC-Ingeniería Civil ,Carrera profesional,Ambiente Construido ,"Estado de México, Santa Fe, Guadalajara, Monterrey, Puebla, Querétaro",8 semestres,Semestral
LUB-Licenciatura en Urbanismo,Carrera profesional,Ambiente Construido ,Monterrey ,8 semestres,Semestral
LEC-Licenciatura en Economía,Carrera profesional,"Derecho, Economía y Relaciones Internacionales","Ciudad de México, Estado de México, Santa Fe, Monterrey, Puebla ",8 semestres,Semestral
LED-Licenciatura en Derecho,Carrera profesional,"Derecho, Economía y Relaciones Internacionales","Ciudad de México, Estado de México, Santa Fe, Monterrey, Puebla, Chihuahua, Guadalajara, Querétaro, Toluca",8 semestres,Semestral
LRI-Licenciatura en Relaciones Internacionales,Carrera profesional,"Derecho, Economía y Relaciones Internacionales","Ciudad de México, Estado de México, Santa Fe, Guadalajara, Monterrey, Puebla, Querétaro",8 semestres,Semestral
LTP-Licenciatura en Gobierno y Transformación Pública,Carrera profesional,"Derecho, Economía y Relaciones Internacionales","Ciudad de México, Monterrey",8 semestres,Semestral
LAD-Licenciatura en Arte Digital,Carrera profesional,Estudios Creativos,"Ciudad de México, Estado de México, Santa Fe, Guadalajara, Monterrey, Puebla, Querétaro",8 semestres,Semestral
LC-Licenciatura en Comunicación,Carrera profesional,Estudios Creativos,"Ciudad de México, Estado de México, Santa Fe, Guadalajara, Monterrey, Puebla, Querétaro, Toluca",8 semestres,Semestral
LDI-Licenciatura en Diseño,Carrera profesional,Estudios Creativos,"Ciudad de México, Estado de México, Guadalajara, Monterrey, Puebla, Querétaro, Sonora Norte, Toluca",8 semestres,Semestral
LEI-Licenciatura en Innovación Educativa,Carrera profesional,Estudios Creativos,Monterrey ,8 semestres,Semestral
LLE-Licenciatura en Letras Hispánicas,Carrera profesional,Estudios Creativos,Monterrey ,8 semestres,Semestral
LPE-Licenciatura en Periodismo,Carrera profesional,Estudios Creativos,Monterrey ,8 semestres,Semestral
LTM-Licenciatura en Tecnología y Producción Musical,Carrera profesional,Estudios Creativos,"Ciudad de México, Estado de México, Santa Fe, Guadalajara, Monterrey, Puebla, Querétaro",8 semestres,Semestral
IDM-Ingeniería en Ciencia de Datos y Matemáticas,Carrera profesional,Ingeniería y Ciencias,"Ciudad de México, Estado de México, Guadalajara, Monterrey, Puebla, Querétaro, Sonora Norte, Toluca",8 semestres,Semestral
IFI-Ingeniería Física Industrial,Carrera profesional,Ingeniería y Ciencias,Monterrey ,8 semestres,Semestral
INA-Ingeniería en Nanotecnología,Carrera profesional,Ingeniería y Ciencias,"Estado de México, Monterrey",8 semestres,Semestral
IAG-Ingeniería en Biosistemas Agroalimentarios,Carrera profesional,Ingeniería y Ciencias,Querétaro,8 semestres,Semestral
IAL-Ingeniería en Alimentos,Carrera profesional,Ingeniería y Ciencias,"Monterrey, Querétaro",8 semestres,Semestral
IBT-Ingeniería en Biotecnología,Carrera profesional,Ingeniería y Ciencias,"Ciudad de México, Estado de México, Chihuahua, Guadalajara, Monterrey, Puebla, Querétaro, Toluca",8 semestres,Semestral
IDS-Ingeniería en Desarrollo Sustentable,Carrera profesional,Ingeniería y Ciencias,"Querétaro, Ciudad de México, Santa Fe, Monterrey",8 semestres,Semestral
IQ-Ingeniería Química,Carrera profesional,Ingeniería y Ciencias,"Puebla, Estado de México, Guadalajara, Monterrey",8 semestres,Semestral
IRS-Ingeniería en Robótica y Sistemas Digitales,Carrera profesional,Ingeniería y Ciencias,"Querétaro, Puebla, Ciudad de México, Estado de México, Guadalajara, Monterrey",8 semestres,Semestral
ITC-Ingeniería en Tecnologías Computacionales,Carrera profesional,Ingeniería y Ciencias,"Querétaro, Toluca, Puebla, Chihuahua, Cuernavaca, Guadalajara, Ciudad de México, Estado de México, Sonora Norte, Santa Fe, Monterrey",8 semestres,Semestral
ITD-Ingeniería en Transformación Digital de Negocios,Carrera profesional,Ingeniería y Ciencias,"Santa Fe, Monterrey",8 semestres,Semestral
IE-Ingeniería en Electrónica ,Carrera profesional,Ingeniería y Ciencias,Monterrey ,8 semestres,Semestral
IID-Ingeniería en Innovación y Desarrollo,Carrera profesional,Ingeniería y Ciencias,"Guadalajara, Santa Fe, Monterrey",8 semestres,Semestral
IIS-Ingeniería Industrial y de Sistemas,Carrera profesional,Ingeniería y Ciencias,"Chihuahua, Laguna, Saltillo, Tampico, Hidalgo, León, Querétaro, San Luis Potosí, Toluca, Puebla, Ciudad de México, Estado de México, Cuernavaca, Guadalajara, Sinaloa, Sonora Norte, Aguascalientes, Santa Fe, Monterrey, Ciudad Juárez",8 semestres,Semestral
IM-Ingeniería Mecánica,Carrera profesional,Ingeniería y Ciencias,"Chihuahua, Querétaro, Toluca, Puebla, Ciudad de México, Estado de México, Guadalajara, Santa Fe, Monterrey",8 semestres,Semestral
IMD-Ingeniería Biomédica,Carrera profesional,Ingeniería y Ciencias,"Ciudad de México, Guadalajara, Monterrey",8 semestres,Semestral
IMT-Ingeniería en Mecatrónica,Carrera profesional,Ingeniería y Ciencias,"Chihuahua, Laguna, Saltillo, Tampico, León, Querétaro, San Luis Potosí, Toluca, Puebla, Ciudad de México, Estado de México, Cuernavaca, Guadalajara, Sonora Norte, Aguascalientes, Santa Fe, Morelia, Monterrey, Ciudad Juárez",8 semestres,Semestral
LAET-Licenciatura en Estrategia y Transformación de Negocios,Carrera profesional,Negocios,"Chihuahua, Laguna, Saltillo, Tampico, Hidalgo, León, Querétaro, San Luis Potosí, Toluca, Puebla, Ciudad de México, Estado de México, Cuernavaca, Guadalajara, Sinaloa, Sonora Norte, Aguascalientes, Santa Fe, Morelia, Monterrey, Ciudad Juárez",8 semestres,Semestral
LAF-Licenciatura en Finanzas,Carrera profesional,Negocios,"Chihuahua, Laguna, León, Querétaro, San Luis Potosí, Puebla, Ciudad de México, Estado de México, Cuernavaca, Guadalajara, Sinaloa, Sonora Norte, Aguascalientes, Santa Fe, Monterrey",8 semestres,Semestral
LCPF-Licenciatura en Contaduría Pública y Finanzas,Carrera profesional,Negocios,"Hidalgo, Querétaro, Puebla, Toluca, Ciudad de México, Estado de México, Guadalajara, Santa Fe, Monterrey",8 semestres,Semestral
LDE-Licenciatura en Emprendimiento,Carrera profesional,Negocios,"Querétaro, Puebla, Ciudad de México, Guadalajara, Santa Fe, Monterrey",8 semestres,Semestral
LDO-Licenciatura en Desarrollo de Talento y Cultura Organizacional,Carrera profesional,Negocios,"Estado de México, Monterrey",8 semestres,Semestral
LEM-Licenciatura en Mercadotecnia,Carrera profesional,Negocios,"León, Querétaro, Toluca, Puebla, Ciudad de México, Estado de México, Guadalajara, Sinaloa, Sonora Norte, Santa Fe, Monterrey",8 semestres,Semestral
LIN-Licenciatura en Negocios Internacionales,Carrera profesional,Negocios,"Aguascalientes, Chihuahua, Laguna, Morelia, Ciudad Juárez, Saltillo, Tampico, León, San Luis Potosí, Estado de México, Sinaloa, Sonora Norte",8 semestres,Semestral
LIT-Licenciatura en Inteligencia de Negocios,Carrera profesional,Negocios,"Querétaro, Puebla, Estado de México, Guadalajara, Santa Fe, Monterrey",8 semestres,Semestral
LBC-Licenciatura en Biociencias,Carrera profesional,Salud,"Ciudad de México, Guadalajara, Monterrey y Chihuahua hasta tercer semestre ",8 semestres,Semestral
LNB-Licenciatura en Nutrición y Bienestar Integral,Carrera profesional,Salud,"Ciudad de México, Guadalajara, Monterrey y Chihuahua hasta tercer semestre ",6 semestres y 4 Trimestres Clínicos,Mixto
LPS-Licenciatura en Psicología Clínica y de la Salud,Carrera profesional,Salud,"Ciudad de México, Guadalajara, Monterrey y Chihuahua hasta tercer semestre ",6 semestres y 4 Trimestres Clínicos,Mixto
MC-Médico Cirujano,Carrera profesional,Salud,"Ciudad de México, Guadalajara, Monterrey y Chihuahua hasta tercer semestre ",8 semestres y 8 Trimestres Clínicos,Mixto
MO-Médico Cirujano Odontólogo,Carrera profesional,Salud,"Ciudad de México, Guadalajara, Monterrey y Chihuahua hasta tercer semestre ",8 semestres y 4 Trimestres Clínicos,Mixto
Maestría en Ciencias con especialidad en Biotecnología (MBI),Maestría,Escuela de Ingeniería y Ciencias,Campus Monterrey ,2 años ,Semestral 
Maestría en Nanotecnología (MNT),Maestría,Escuela de Ingeniería y Ciencias,"Campus Monterrey, Campus Estado de México",2 años,Semestral 
Maestría en Administración de la Energía y sus Fuentes Renovables (MER-V),Maestría,Escuela de Ingeniería y Ciencias,En línea ,2 años ,Trimestral 
Maestría en Innovación para el Desarrollo Empresarial (MID-V),Maestría,Escuela de Ingeniería y Ciencias,En línea ,2 años,Trimestral 
Maestría en Ingeniería con especialidad en Sistemas de Calidad y Productividad (MIP-V),Maestría,Escuela de Ingeniería y Ciencias,En línea ,2 años,Trimestral 
Maestría en Ciencias con especialidad en Sistemas de Manufactura (MSM),Maestría,Escuela de Ingeniería y Ciencias,Campus Monterrey,2 años,Semestral 
Maestría en Administración de Tecnologías de Información (MTI-V),Maestría,Escuela de Ingeniería y Ciencias,En línea ,2 años,Trimestral 
Maestría en Ciencias Computacionales (MCC-I),Maestría,Escuela de Ingeniería y Ciencias,"Campus Monterrey, Campus Estado de México",2 años,Semestral 
Maestría en Gestión de la Ingeniería (MEM),Maestría,Escuela de Ingeniería y Ciencias,"Campus Monterrey, Campus Santa Fe, Campus Guadalajara, Campus Estado de México",5 trimestres,Trimestral 
Maestría en Ciencias de la Ingeniería (MCI),Maestría,Escuela de Ingeniería y Ciencias,"Campus Monterrey, Campus Estado de México",2 años,Semestral 
Maestría en Ciberseguridad (MCY-M),Maestría,Escuela de Ingeniería y Ciencias,"Campus Monterrey, Campus Santa Fe, Campus Guadalajara",5 trimestres,Trimestral 
Maestría en Inteligencia Artificial Aplicada (MNA-V),Maestría,Escuela de Ingeniería y Ciencias,En línea ,7 trimestres ,Trimestral 
Maestría en Prospectiva Estratégica (MPE),Maestría,Escuela de Gobierno y Transformación Pública,"Campus Monterrey, Campus Santa Fe ",2 años,Trimestral
Maestría en Administración Pública y Política Pública (MAP),Maestría,Escuela de Gobierno y Transformación Pública,"Campus Monterrey, Campus Santa Fe",2 años,Trimestral
Maestría en Gestión Pública Aplicada (MGP-V),Maestría,Escuela de Gobierno y Transformación Pública,En línea ,2 años,Trimestral
Maestría en Economía Aplicada (MEK),Maestría,Escuela de Gobierno y Transformación Pública,"Campus Monterrey, Campus Santa Fe",21 meses,Trimestral
Maestría en Gobierno y Transformación Pública (MGT),Maestría,Escuela de Gobierno y Transformación Pública,Campus Santa Fe,7 trimestres,Trimestral
Maestría en Derecho (MDP),Maestría,Escuela de Gobierno y Transformación Pública,Campus Santa Fe,7 trimestres,Trimestral
Maestría en Derecho (MDP-V),Maestría,Escuela de Gobierno y Transformación Pública,En línea ,7 trimestres,Trimestral
Maestría en Administración Pública y Política Pública (MAP - V),Maestría,Escuela de Gobierno y Transformación Pública,En línea ,7 trimestres,Trimestral
Maestría en Economía Aplicada (MEK V),Maestría,Escuela de Gobierno y Transformación Pública,En línea ,7 trimestres,Trimestral
Maestría en Prospectiva Estratégica (MPE-V),Maestría,Escuela de Gobierno y Transformación Pública,En línea ,7 trimestres,Trimestral
Maestría en Educación (MEE-V),Maestría,Escuela de Humanidades y Educación,En línea,2.5 años,Semestral
Maestría en Estudios Humanísticos (MEH),Maestría,Escuela de Humanidades y Educación,Campus Monterrey,2 años,Semestral
Maestría en Tecnología Educativa (MTE-V),Maestría,Escuela de Humanidades y Educación,En línea,5 semestres,Semestral
Maestría en Emprendimiento Educativo (MTO-V),Maestría,Escuela de Humanidades y Educación,En línea,2.5 años,Trimestral
Maestría en Humanidades Digitales (MHD-V),Maestría,Escuela de Humanidades y Educación,En línea,2 años,Trimestral
Maestría en Administración Empresarial (MGN-V),Maestría,Escuela de Negocios,En línea,2.5 años,Trimestral
Maestría en Ciencias Biomédicas (MBC),Maestría,Escuela de Medicina y Ciencias de la Salud,Campus Monterrey,2 años,Semestral
Maestría en Arquitectura y Diseño Urbano (MDU-M),Maestría,Escuela de Arquitectura y Diseño,"Campus Monterrey, Campus Ciudad de México, Campus Guadalajara, Campus Querétaro",5 trimestres,Trimestral 
Maestría en Administración y Dirección de Empresas (tiempo parcial) (MBA),Maestría,EGADE Business School,"Campus Monterrey, Campus Santa Fe, Campus Guadalajara, Campus Querétaro",2 años,Trimestral 
Maestría en Administración y Dirección de Empresas - Doble grado académico con University of North Carolina at Charlotte (MBA - G),Maestría,EGADE Business School,Campus Monterrey ,2.5 años,Trimestral 
Maestría en Finanzas (MAF),Maestría,EGADE Business School,"Campus Monterrey, Campus Santa Fe ",2 años,Trimestral 
Maestría en Administración (MBM),Maestría,EGADE Business School,Campus Monterrey ,1 año,Trimestral 
Maestría en Administración y Dirección de Empresas (tiempo completo) (MBA-I),Maestría,EGADE Business School,Campus Monterrey,1 año,Trimestral 
Maestría en Administración y Dirección de Empresas (MBA-V),Maestría,EGADE Business School,En línea ,15 meses,Trimestral 
Maestría en Administración de Negocios Globales (MDE),Maestría,EGADE Business School,Campus Santa Fe,2 años,Semestral
Maestría en Analítica de Negocios (MBD),Maestría,EGADE Business School,Campus Monterrey ,1 año,Trimestral 
Maestría en Finanzas (MAF-V),Maestría,EGADE Business School,En línea ,15 meses ,Trimestral 
Doctorado en Ciencias de Ingeniería (DCI),Doctorado,Escuela de Ingeniería y Ciencias,"Campus Monterrey, Campus Ciudad de México, Campus Guadalajara, Campus Querétaro, Campus Puebla",4 años ,Semestral 
Doctorado en Biotecnología (DBT),Doctorado,Escuela de Ingeniería y Ciencias,"Campus Monterrey, Campus Guadalajara, Campus Querétaro",9 semestres ,Semestral 
Doctorado en Ciencias Computacionales (DCC),Doctorado,Escuela de Ingeniería y Ciencias,"Campus Monterrey, Campus Guadalajara, Campus Estado de México ",8 semestres,Semestral 
Doctorado en Nanotecnología (DNT),Doctorado,Escuela de Ingeniería y Ciencias,"Campus Monterrey, Campus Estado de México ",4 años,Semestral 
Doctorado en Política Pública (DPP),Doctorado,Escuela de Gobierno y Transformación Pública ,"Campus Monterrey, Campus Santa Fe ",3.5 años,Semestral
Doctorado en Innovación Educativa (DEE),Doctorado,Escuela de Humanidades y Educación,Campus Monterrey,8 semestres,Semestral
Doctorado en Estudios Humanísticos (DEH),Doctorado,Escuela de Humanidades y Educación,"Campus Monterrey, Campus Ciudad de México",4 años,Semestral
Doctorado en Ciencias Clínicas (DCL),Doctorado,Escuela de Medicina y Ciencias de la Salud,"Campus Monterrey, Campus Guadalajara ",7 semestres,Semestral
Doctorado en Ciencias Biomédicas (DBC),Doctorado,Escuela de Medicina y Ciencias de la Salud,Campus Monterrey,4 años,Semestral
Doctorado en Ciencias Administrativas (DCA),Doctorado,EGADE Business School,"Campus Monterrey, Campus Santa Fe",4 años,Semestral
Doctorado en Ciencias Financieras (DCF),Doctorado,EGADE Business School,Campus Santa Fe ,4 años,Semestral
Especialidad en Logística y Cadena de Suministro (ELS),Especialidad,Escuela de Ingeniería y Ciencias,Campus Estado de México,1 año,Trimestral 
Especialidad en Administración de Proyectos (EPY),Especialidad,Escuela de Ingeniería y Ciencias,Campus Estado de México,1 año,Trimestral 
Especialidad en Inteligencia Artificial Aplicada (ENA-V),Especialidad,Escuela de Ingeniería y Ciencias,En línea ,3 trimestres,Trimestral 
Especialidad en Gestión para el Liderazgo e Innovación Educativa (EGE-V),Especialidad,Escuela de Humanidades y Educación ,En línea,1.5 años,Trimestral
Especialidad en Enseñanza y Evaluación del Inglés como Segunda Lengua ( EEE-V),Especialidad,Escuela de Humanidades y Educación ,En línea,3 trimestres,Trimestral
Especialidad en Calidad de la Atención Clínica (RCA),Especialidad,Escuela de Medicina y Ciencias de la Salud,Campus Monterrey ,3 años,Semestral 
Especialidad en Cardiología (RCR),Especialidad,Escuela de Medicina y Ciencias de la Salud,Campus Monterrey ,3 años,Semestral 
Especialidad en Anestesiología (REA),Especialidad,Escuela de Medicina y Ciencias de la Salud,Campus Monterrey ,4 años,Semestral 
Especialidad en Medicina del Enfermo en Estado Crítico (REE),Especialidad,Escuela de Medicina y Ciencias de la Salud,Campus Monterrey ,2 años,Semestral 
Especialidad en Ginecología y Obstetricia (REG),Especialidad,Escuela de Medicina y Ciencias de la Salud,Campus Monterrey ,4 años,Semestral 
Especialidad en Medicina Interna (REM),Especialidad,Escuela de Medicina y Ciencias de la Salud,Campus Monterrey ,4 años,Semestral 
Especialidad en Pediatría (REN),Especialidad,Escuela de Medicina y Ciencias de la Salud,Campus Monterrey ,4 años,Semestral 
Especialidad en Radiología e Imagen (RER),Especialidad,Escuela de Medicina y Ciencias de la Salud,Campus Monterrey ,4 años,Semestral 
Especialidad en Neurología (REU),Especialidad,Escuela de Medicina y Ciencias de la Salud,Campus Monterrey ,3 años,Semestral 
Especialidad en Geriatría (RGE),Especialidad,Escuela de Medicina y Ciencias de la Salud,Campus Monterrey ,4 años,Semestral 
Especialidad en Neurología Pediátrica (RNP),Especialidad,Escuela de Medicina y Ciencias de la Salud,Campus Monterrey ,3 años,Semestral 
Especialidad en Psiquiatría (RPS),Especialidad,Escuela de Medicina y Ciencias de la Salud,Campus Monterrey ,4 años,Semestral 
Especialidad en Urología (RUR),Especialidad,Escuela de Medicina y Ciencias de la Salud,Campus Monterrey ,4 años,Semestral 
Especialidad en Cirugía General (REC),Especialidad,Escuela de Medicina y Ciencias de la Salud,Campus Monterrey ,5 años,Semestral 
Especialidad en Oftalmología (REO),Especialidad,Escuela de Medicina y Ciencias de la Salud,Campus Monterrey ,4 años,Semestral 
Especialidad en Neonatología (RNE),Especialidad,Escuela de Medicina y Ciencias de la Salud,Campus Monterrey ,3 años,Semestral 
Especialidad en Anatomía Patológica (RAP),Especialidad,Escuela de Medicina y Ciencias de la Salud,Campus Monterrey ,4 años,Semestral 
Ciencia de Datos (Virtual),Certificación,Certificado de Alta Especialidad ,Aula Virtual ,144 horas,
Business Analytics: De los Datos al Conocimiento (Virtual),Certificación,Certificado de Alta Especialidad ,Aula Virtual ,144 horas,
Sostenibilidad Financiera para la Transformación Pública (Virtual),Certificación,Certificado de Alta Especialidad ,Aula Virtual ,144 horas,
Toma de Decisiones en Escenarios Complejos (Virtual),Certificación,Certificado de Alta Especialidad ,Aula Virtual ,144 horas,
Administración de la Construcción,Certificación,Certificación ,En línea,200 horas,
Big Data como Estrategia de Negocios,Certificación,Certificación ,En línea ,82 horas,
"Certificación Internacional como Auditor Líder de Sistemas Integrados de Gestión ISO9001:2015, ISO14001:2015, ISO45001:2018 e ISO22000:2018",Certificación,Certificación ,Aula Virtual ,132 horas,
Certificación Internacional en Coaching Ejecutivo y de Equipos,Certificación,Certificación ,En línea,130 horas,
Certificación Internacional en Coaching Profesional,Certificación,Certificación ,Aula Virtual ,112 horas,
Certificación Internacional en Coaching de Vida y Marca Personal (ICT),Certificación,Certificación ,Aula Virtual ,96 horas,
Desarrollo de Habilidades Gerenciales: Líder de Líderes,Certificación,Certificación ,Live,94 horas,
"Desarrollo de Habilidades en Contabilidad, Impuestos y Finanzas",Certificación,Certificación ,En línea,96 horas,
"Desarrollo de Soft Skills Personales, Sociales y de Liderazgo",Certificación,Certificación ,En línea,81 horas,
Gestión Estratégica de los Portafolios de Proyectos,Certificación,Certificación ,Aula Virtual ,64 horas,
"Habilidades de Administración Ágil de Proyectos, Basado en Estándares del PMI® e IPMA",Certificación,Certificación ,En línea,115 horas,
Lean Six Sigma Black Belt,Certificación,Certificación ,Aula Virtual ,159 horas,
Lean Six Sigma Green Belt,Certificación,Certificación ,En línea,136 horas,
Ética y Cumplimiento Corporativo Internacional,Certificación,Certificación ,Live,100 horas,
Administración Aduanera,Diplomado,Posgrados y Educacion Continua,Aula Virtual ,148 horas,Mensual
Administración Avanzada de Compras,Diplomado,Posgrados y Educacion Continua,Live,96 horas,Mensual
Administración Estratégica de Capital Humano,Diplomado,Posgrados y Educacion Continua,Live,100 horas,Mensual
Administración Financiera,Diplomado,Posgrados y Educacion Continua,En línea,134 horas,Mensual
Administración de Proyectos de Tecnologías de Información (APTI),Diplomado,Posgrados y Educacion Continua,Aula Virtual ,112 horas,Mensual
Administración de la Construcción,Diplomado,Posgrados y Educacion Continua,Aula Virtual ,134 horas,Mensual
Agronegocios,Diplomado,Posgrados y Educacion Continua,Aula Virtual ,108 horas,Mensual
Aseguramiento de la Calidad Farmacéutica,Diplomado,Posgrados y Educacion Continua,Aula Virtual ,120 horas,Mensual
Business Management ,Diplomado,Posgrados y Educacion Continua,Live,110 horas,Mensual
Calidad y Productividad,Diplomado,Posgrados y Educacion Continua,En línea,142 horas,Mensual
Comunicación Avanzada para la Alta Dirección,Diplomado,Posgrados y Educacion Continua,Aula Virtual ,144 horas,Mensual
Comunicación Cooporativa Estratégica,Diplomado,Posgrados y Educacion Continua,Aula Virtual ,120 horas,Mensual
Data Science for Business,Diplomado,Posgrados y Educacion Continua,Live,100 horas,Mensual
Data Science and AI: Del Concepto a Desarrollo de Aplicaciones,Diplomado,Posgrados y Educacion Continua,Live,120 horas,Mensual
Decisiones Estratégicas en el Retail,Diplomado,Posgrados y Educacion Continua,Aula Virtual ,128 horas,Mensual
Decoración e Interiorismo,Diplomado,Posgrados y Educacion Continua,Aula Virtual ,120 horas,Mensual
Derecho Coorporativo,Diplomado,Posgrados y Educacion Continua,Aula Virtual ,120 horas,Mensual
Derecho Fiscal,Diplomado,Posgrados y Educacion Continua,Aula Virtual ,120 horas,Mensual
Desarrollo de Competencias Generales,Diplomado,Posgrados y Educacion Continua,Aula Virtual ,112 horas,Mensual
"Desarrollo de Habilidades en Contabilidad, Impuestos y Finanzas",Diplomado,Posgrados y Educacion Continua,Aula Virtual ,96 horas,Mensual
Desarrollo de Habilidades para Gerentes y Ejecutivos de Ventas,Diplomado,Posgrados y Educacion Continua,Aula Virtual ,96 horas,Mensual
Desarrollo de Vendedores de Alto Potencial,Diplomado,Posgrados y Educacion Continua,Aula Virtual ,112 horas,Mensual
Despliegue de Modelos de Machine Learning en Ambientes Productivos,Diplomado,Posgrados y Educacion Continua,Aula Virtual ,100 horas,Mensual
Dirección Estratégica de Almacenes y Centros de Distribución,Diplomado,Posgrados y Educacion Continua,Presencial en Campus Monterrey,112 horas,Mensual
Dirección Estratégica de Almacenes y Centros de Distribución,Diplomado,Posgrados y Educacion Continua,Aula Virtual ,112 horas,Mensual
Dirección Estratégica de Ventas,Diplomado,Posgrados y Educacion Continua,En línea,153 horas,Mensual
Dirección Estratégica de Ventas,Diplomado,Posgrados y Educacion Continua,Aula Virtual ,112 horas,Mensual
Dirección Financiera Cooporativa,Diplomado,Posgrados y Educacion Continua,Aula Virtual ,120 horas,Mensual
Diseño Regenerativo. Territorios y Ciudades Resilientes,Diplomado,Posgrados y Educacion Continua,Aula Virtual ,100 horas,Mensual
Diseño de Joyería: De la Marca a la Pieza,Diplomado,Posgrados y Educacion Continua,Aula Virtual ,124 horas,Mensual
"Escalas de la Ciudad: Vivienda, Barrio, Territorio",Diplomado,Posgrados y Educacion Continua,Aula Virtual ,104 horas,Mensual
Especialización en Management Financiero,Diplomado,Posgrados y Educacion Continua,Aula Virtual ,120 horas,Mensual
Estrategia de Negocios,Diplomado,Posgrados y Educacion Continua,Live,100 horas,Mensual
Evaluación de Riesgos y Control Interno,Diplomado,Posgrados y Educacion Continua,Aula Virtual ,96 horas,Mensual
Finanzas Bursátiles Aplicadas,Diplomado,Posgrados y Educacion Continua,Aula Virtual ,152 horas,Mensual
Finanzas para Profesionistas no financieros en la Industria,Diplomado,Posgrados y Educacion Continua,Aula Virtual ,108 horas,Mensual
Fintech & Transformación Digital,Diplomado,Posgrados y Educacion Continua,Aula Virtual ,101 horas,Mensual
Formación Estratégica para Gerentes de Alto Desempeño,Diplomado,Posgrados y Educacion Continua,Live,100 horas,Mensual
Gestión Integral del Transporte ,Diplomado,Posgrados y Educacion Continua,Aula Virtual ,96 horas,Mensual
Gestión Profesional de Proyectos ,Diplomado,Posgrados y Educacion Continua,Aula Virtual ,100 horas,Mensual
"Gestión Profesional Ágil de Proyectos. Principios, Valores y Metodologías",Diplomado,Posgrados y Educacion Continua,Live,120 horas,Mensual
Gestión de la Seguridad de la Información,Diplomado,Posgrados y Educacion Continua,Aula Virtual ,124 horas,Mensual
Gestión y Dirección Financiera,Diplomado,Posgrados y Educacion Continua,Live,100 horas,Mensual
"Identificación, Rediseño e Innovación de Procesos",Diplomado,Posgrados y Educacion Continua,Aula Virtual ,96 horas,Mensual
Implementación de la Agenda Urbana Rumbo al 2030,Diplomado,Posgrados y Educacion Continua,Aula Virtual ,120 horas,Mensual
Innovación Educativa en Salud,Diplomado,Posgrados y Educacion Continua,Aula Virtual ,96 horas,Mensual
La Cadena de Suministro en la Era Digital,Diplomado,Posgrados y Educacion Continua,Live,130 horas,Mensual
La Empresa Familiar: Institucionalización y Continuidad,Diplomado,Posgrados y Educacion Continua,Aula Virtual ,96 horas,Mensual
Lean Manufacturing,Diplomado,Posgrados y Educacion Continua,Live,115 horas,Mensual
"Los Impuestos en México, un Enfoque con Visión Financiera y Fiscal",Diplomado,Posgrados y Educacion Continua,Aula Virtual ,104 horas,Mensual
Marketing Digital,Diplomado,Posgrados y Educacion Continua,Live,100 horas,Mensual
Mercadotecnia Estratégica y Comercialización,Diplomado,Posgrados y Educacion Continua,En línea,126 horas,Mensual
Mercadotecnia Farmacéutica,Diplomado,Posgrados y Educacion Continua,Aula Virtual ,139 horas,Mensual
Normas Internacionales de Información Financiera (IFRS),Diplomado,Posgrados y Educacion Continua,Aula Virtual ,96 horas,Mensual
Nutrición Funcional Aplicada a la Terapéutica del Sobrepeso y la Obesidad,Diplomado,Posgrados y Educacion Continua,Aula Virtual ,96 horas,Mensual
People Analytics,Diplomado,Posgrados y Educacion Continua,Aula Virtual ,96 horas,Mensual
Planeación y Evaluación de Negocios Inmobiliarios,Diplomado,Posgrados y Educacion Continua,Live,100 horas,Mensual
Salud Global para Líderes,Diplomado,Posgrados y Educacion Continua,Aula Virtual ,94 horas,Mensual
"Seguridad, Higiene Industrial y Salud Ocupacional",Diplomado,Posgrados y Educacion Continua,Aula Virtual ,112 horas,Mensual
Tecnologías de Ciberseguridad,Diplomado,Posgrados y Educacion Continua,Live,115 horas,Mensual
Top Management,Diplomado,Posgrados y Educacion Continua,Aula Virtual ,135 horas,Mensual
Transformación Digital Gerencial,Diplomado,Posgrados y Educacion Continua,Aula Virtual ,112 horas,Mensual
Ventas de Alto Impacto ,Diplomado,Posgrados y Educacion Continua,Presencial en Campus Guadalajara,104 horas,Mensual
e-commerce 4.0,Diplomado,Posgrados y Educacion Continua,Aula Virtual ,96 horas,Mensual
Administración de Proyectos,Seminario,Posgrados y Educacion Continua,En línea,10 horas,Mensual
Análisis de los Estados Financieros,Seminario,Posgrados y Educacion Continua,En línea,10 horas,Mensual
Conceptos Estratégicos de Mercadotecnia,Seminario,Posgrados y Educacion Continua,En línea,40 horas,Mensual
Conducción de Equipos de Alto Desempeño,Seminario,Posgrados y Educacion Continua,En línea,12 horas,Mensual
Desarrollo de Soft Skills Personales,Seminario,Posgrados y Educacion Continua,En línea,25 horas,Mensual
Desarrollo de Soft Skills Sociales,Seminario,Posgrados y Educacion Continua,En línea,25 horas,Mensual
Eficiencia en la Construcción,Seminario,Posgrados y Educacion Continua,En línea,50 horas,Mensual
Gestión Estratégica del Capital Humano,Seminario,Posgrados y Educacion Continua,En línea,12 horas,Mensual
Gestión de la Empresa Constructora ,Seminario,Posgrados y Educacion Continua,En línea,50 horas,Mensual
Gestión de la Fuerza de Ventas,Seminario,Posgrados y Educacion Continua,En línea,12 horas,Mensual
Gestión de las Emociones,Seminario,Posgrados y Educacion Continua,En línea,11 horas,Mensual
Impuestos de las Operaciones Empresariales,Seminario,Posgrados y Educacion Continua,En línea,10 horas,Mensual
Innovación en la Construcción,Seminario,Posgrados y Educacion Continua,En línea,50 horas,Mensual
Integración Estratégica Multigeneracional,Seminario,Posgrados y Educacion Continua,En línea,30 horas,Mensual
Introducción a la Transformación Digital,Seminario,Posgrados y Educacion Continua,En línea,15 horas,Mensual
Introducción a las Finanzas,Seminario,Posgrados y Educacion Continua,En línea,60 horas,Mensual
Legislación Fiscal y Laboral en la Industria de la Construcción,Seminario,Posgrados y Educacion Continua,En línea,9 horas,Mensual
Liderazgo Eficaz,Seminario,Posgrados y Educacion Continua,En línea,10 horas,Mensual
Machine Learning para la Toma de Decisiones,Seminario,Posgrados y Educacion Continua,En línea,10 horas,Mensual
Negociación y Manejo de Conflictos,Seminario,Posgrados y Educacion Continua,En línea,12 horas,Mensual
Norma ISO 9001:2015,Seminario,Posgrados y Educacion Continua,En línea,12 horas,Mensual
Planeación de Proyectos de Construcción,Seminario,Posgrados y Educacion Continua,En línea,50 horas,Mensual
Proyecto de Vida Plena,Seminario,Posgrados y Educacion Continua,En línea,15 horas,Mensual
Psicología Positiva,Seminario,Posgrados y Educacion Continua,En línea,12 horas,Mensual
Supply Chain Management ,Seminario,Posgrados y Educacion Continua,En línea,15 horas,Mensual
Transformación Digital para la Toma de Decisiones,Seminario,Posgrados y Educacion Continua,En línea,30 horas,Mensual
Transición a una Cultura Organizacional Positiva,Seminario,Posgrados y Educacion Continua,En línea,30 horas,Mensual
Inteligencia Emocional,Taller,Posgrados y Educacion Continua,Aula Virtual,24 horas,
Liderazgo y Empowerment ,Taller,Posgrados y Educacion Continua,Aula Virtual,24 horas,
Negociación y Manejo de Conflictos,Taller,Posgrados y Educacion Continua,Aula Virtual,24 horas,
Preparación para el Examen de Certificación PMP®,Taller,Posgrados y Educacion Continua,Aula Virtual,35 horas,
Coding Bootcamp,Bootcamp,,En línea ,480 horas,
Data Analytics Bootcamp,Bootcamp,,En línea ,700 horas,
ADN del Innovador (TLG),Curso,,Learning Gate,22 horas,
Accountability Skills (TLG),Curso,,Learning Gate,42 horas,
Administración de Costos,Curso,,Aula Virtual ,40 horas,
Administración de Inventarios,Curso,,Aula Virtual ,40 horas,
Agronomía para no Agrónomos,Curso,,Aula Virtual ,48 horas,
Análisis de Datos (TLG),Curso,,Learning Gate,32 horas,
Aplicaciones Web para Ciencia de Datos (TLG),Curso,,Learning Gate,12 horas,
Aplicación de la Legislación Ambiental,Curso,,Aula Virtual ,40 horas,
Aspectos Básicos de Ley General de Transparencia ,Curso,,Aula Virtual ,32 horas,
Automatic ML (TLG),Curso,,Learning Gate,12 horas,
Bioequivalencia: Aspectos Científicos y Regulatorios,Curso,,Aula Virtual ,30 horas,
Bioestadística Aplicada a Investigación Clínica e Industria,Curso,,Aula Virtual ,24 horas,
Brand Management ,Curso,,Live ,80 horas,
Colaboración Efectiva (TLG),Curso,,Learning Gate,32 horas,
Colaboración Organizacional (TLG),Curso,,Learning Gate,32 horas ,
Comunicación Digital y Social Media ,Curso,,Live ,90 horas,
Conceptos Fundamentales de Ciencia de Datos (TLG) ,Curso,,Learning Gate,22 horas,
Conducta y Comunicación Financiera (TLG),Curso,,Learning Gate,32 horas,
Core Strategic Marketing (TLG),Curso,,Learning Gate,42 horas,
Core Tools: Herramientas para la Manufactura,Curso,,Live ,50 horas,
Cultura hacia la Innovación (TLG),Curso,,Learning Gate,22 horas,
Customer Intelligence Essentials ,Curso,,Aula Virtual ,64 horas,
Deep Learning y Reinforcement Learning (TLG),Curso,,Learning Gate,22 horas,
Desarrollo de Supervisiones que Transforman ,Curso,,Aula Virtual ,48 horas,
Desarrollo de Talento (TLG),Curso,,Learning Gate,42 horas,
Design Thinking Workshop ,Curso,,Aula Virtual ,40 horas,
Digital Consumer (TLG),Curso,,Learning Gate,42 horas,
Digital Marketing Analytics (TLG),Curso,,Learning Gate,22 horas,
Digital Marketing Strategy (TLG),Curso,,Learning Gate,32 horas,
Digital Marketing Tactics (TLG),Curso,,Learning Gate,52 horas,
Diseñando Experiencias de Servicio Wow ,Curso,,Aula Virtual ,40 horas,
Diseño de Interfaces Visuales de Datos (TLG),Curso,,Learning Gate,32 horas,
Educación Digital de Calidad para Educación Superior ,Curso,,En línea,21 horas,
Emprendimiento Digital Innovador ,Curso,,Aula Virtual ,68 horas,
Enfoque Estratégico (TLG),Curso,,Learning Gate,22 horas,
Engagement (TLG) ,Curso,,Learning Gate,42 horas,
Estrategia Organizacional (TLG),Curso,,Learning Gate,22 horas,
Estrategías para una Comunicación Efectiva ,Curso,,Aula Virtual ,24 horas,
"Evaluación de los Estados Financieros, Inversión y Financiamiento (TLG)",Curso,,Learning Gate,32 horas,
Excel Avanzado para negocios ,Curso,,Aula Virtual ,40 horas,
Excel para Negocios,Curso,,Aula Virtual ,40 horas,
"Extracción, Procesamiento y Manipulación de Datos  (TLG)",Curso,,Learning Gate,22 horas,
"Feminismo: Historia, Teoría y Práctica. Por un Mundo sin Violencia de Género",Curso,,Aula Virtual ,12 horas,
Financial Planning and Risks (TLG),Curso,,Learning Gate,22 horas,
Financial System Vision (TLG),Curso,,Learning Gate,22 horas,
Finanzas para Recursos Humanos ,Curso,,Aula Virtual ,24 horas,
Finanzas para no Financieros ,Curso,,Aula Virtual ,40 horas,
Fundamentos de Ciencia de Datos (TLG) ,Curso,,Learning Gate,32 horas,
Fundamentos de Estadística para Ciencia de Datos (TLG) ,Curso,,Learning Gate,12 horas ,
Gestión de Cartera Comercial (TLG),Curso,,Learning Gate,42 horas,
Gestión de la Innovación (TLG),Curso,,Learning Gate,22 horas,
Gestión del Cambio (TLG),Curso,,Live ,80 horas,
Gobernanza e innovación para la gestión local,Curso,,Aula Virtual ,42 horas,
Historia del Arte Islámico,Curso,,Aula Virtual ,36 horas,
Historia del Arte Mexicano. Del Muralismo a la Postmodernidad,Curso,,Aula Virtual ,36 horas,
Historia del Arte: Arte Conceptual y Postmodernidad,Curso,,Aula Virtual ,36 horas,
Historia del Arte: Historia del Arte Antiguo,Curso,,Aula Virtual ,36 horas,
Historia del Arte: Historia del Arte Medieval,Curso,,Aula Virtual ,36 horas,
Historia del Arte: La Modernidad en el Arte,Curso,,Aula Virtual ,36 horas,
Inteligencia Comercial (TLG),Curso,,Learning Gate,42 horas,
Inteligencia Emocional y Financiera,Curso,,Aula Virtual ,30 horas,
Interfaces Visuales de Datos Interacticas (TLG),Curso,,Learning Gate,42 horas,
Inversión y Financiamiento (TLG),Curso,,Learning Gate,52 horas,
Invirtiendo en la Bolsa ,Curso,,Aula Virtual ,40 horas,
Ley Anti Lavado de Dinero y Manejo de Efectivo,Curso,,Aula Virtual ,40 horas,
Liderazgo Positivo (TLG) ,Curso,,Learning Gate,32 horas,
Liderazgo para la Innovación,Curso,,Live ,80 horas,
Liderazgo y Evaluación Comercial (TLG),Curso,,Learning Gate,22 horas,
Machine Learning (TLG),Curso,,Learning Gate,62 horas,
Machine Learning para Big Data (TLG),Curso,,Learning Gate,32 horas,
Marketing Metrics (TLG),Curso,,Learning Gate,22 horas,
Marketing Mix (TLG),Curso,,Learning Gate,42 horas,
Marketing for all (TLG),Curso,,Learning Gate,22 horas,
Medicamentos Biotecnológicos y Biocomparabilidad,Curso,,Aula Virtual ,48 horas,
Modelación Lineal de Datos (TLG),Curso,,Learning Gate,12 horas,
Organizaciones Enfocadas en el Talento (TLG),Curso,,Learning Gate,42 horas,
Organizational Engagement (TLG),Curso,,Learning Gate,42 horas,
Organizational Wellbeing (TLG),Curso,,Learning Gate,22 horas,
Pensamiento Estratégico (TLG),Curso,,Learning Gate,22 horas,
Pensamiento de Futuros: Diseñando el Futuro de la Organización,Curso,,Aula Virtual ,40 horas,
Personal Wellbeing (TLG),Curso,,Learning Gate,22 horas,
Plataformas de Visualización en Python (TLG),Curso,,Learning Gate,22 horas,
Política educativa: sus desafíos urgentes en México,Curso,,Aula Virtual ,50 horas,
Preparación a la Certificación Disciplined Agile® Scrum Master (DASM),Curso,,Aula Virtual ,32 horas,
Preparación para el Examen de Certificación AMIB ,Curso,,Aula Virtual ,25 horas,
Preparación para la Certificación de AWS Cloud Practitioner,Curso,,Aula Virtual ,40 horas,
Procesamiento y Manejo de Datos con Python (TLG),Curso,,Learning Gate,22 horas,
Procesamiento y Manipulación de Datos con Python (TLG),Curso,,Learning Gate,32 horas,
Programación con Python ,Curso,,Aula Virtual ,30 horas,
Protección de Datos Personales ,Curso,,Aula Virtual ,35 horas,
Sensibilidad de Modelos Cuantitativos (TLG),Curso,,Learning Gate,22 horas,
Storytelling + Presentaciones Contundentes ,Curso,,Aula Virtual ,40 horas,
TPM Hands On Mantenimiento Autónomo y Planeado,Curso,,Aula Virtual ,56 horas,
Talent Management (TLG),Curso,,Learning Gate,42 horas,
Team Wellbeing (TLG),Curso,,Learning Gate,22 horas,
Tecnologías para Internet de las Cosas (IoT),Curso,,Aula Virtual ,48 horas,
Toxicología y Bioseguridad para Salud y Biotecnología,Curso,,Aula Virtual ,36 horas,
Urbanismo Social para Construir Ciudades Humanas,Curso,,Presencial en Campus Monterrey ,24 horas,
Visión Comercial a Futuro (TLG),Curso,,Learning Gate,22 horas,
Visión Contable (TLG),Curso,,Learning Gate,32 horas,
Visión Financiera (TLG),Curso,,Learning Gate,32 horas,
Visión Financiera Corporativa (TLG),Curso,,Learning Gate,22 horas,
Visión Financiera Estratégica (TLG),Curso,,Learning Gate,12 horas,
Visión de Entorno Económico (TLG),Curso,,Learning Gate,32 horas,
Visión de Riesgo y Suntentabilidad (TLG) ,Curso,,Learning Gate,22 horas,
Visión de Ética Financiera (TLG),Curso,,Learning Gate,12 horas,
Citizen Data Scientist (TLG),Trayectoria flexible,,Learning Gate,92 horas,
Data Scientist (TLG),Trayectoria flexible,,Learning Gate,232 horas,
Digital Marketing Strategist (TLG),Trayectoria flexible,,Learning Gate,142 horas,
Especialista en Finanzas (TLG),Trayectoria flexible,,Learning Gate,172 horas,
High Impact Manager (TLG),Trayectoria flexible,,Learning Gate,172 horas,
Marketing Starter (TLG),Trayectoria flexible,,Learning Gate,122 horas,
Potential Leader (TLG),Trayectoria flexible,,Learning Gate,172 horas,
Profesional Financiero (TLG),Trayectoria flexible,,Learning Gate,152 horas,
Senior Data Scientist (TLG),Trayectoria flexible,,Learning Gate,72 horas,
Senior Leader (TLG),Trayectoria flexible,,Learning Gate,172 horas,
Vendedor de Alto Impacto (TLG),Trayectoria flexible,,Learning Gate,122 horas,
